race_of_exoneree,sex,state,number_of_unknown_victims,execution_date_year,number_of_white_victims,number_of_black_victims,number_of_latino/a_victims,number_of_asian_victims,number_of_native_american_victims,number_of_other_victims
White,Male,Utah,0,77,1,0,0,0,0,0
White,Male,Florida,0,79,1,0,0,0,0,0
White,Male,Nevada,0,79,1,0,0,0,0,0
White,Male,Indiana,0,81,4,0,0,0,0,0
White,Male,Virginia,0,82,1,0,0,0,0,0
Black,Male,Texas,0,82,1,0,0,0,0,0
White,Male,Alabama,0,83,1,0,0,0,0,0
White,Male,Mississippi,0,83,1,0,0,0,0,0
White,Male,Florida,0,83,1,0,0,0,0,0
Black,Male,Louisiana,0,83,0,1,0,0,0,0
White,Male,Georgia,0,83,2,0,0,0,0,0
White,Male,Florida,0,84,1,0,0,0,0,0
Black,Male,Louisiana,0,84,1,0,0,0,0,0
White,Male,Texas,0,84,1,0,0,0,0,0
White,Male,North Carolina,0,84,2,0,0,0,0,0
White,Male,Texas,0,84,1,0,0,0,0,0
White,Male,Florida,0,84,1,0,0,0,0,0
White,Male,Louisiana,0,84,2,0,0,0,0,0
Black,Male,Florida,0,84,1,0,0,0,0,0
White,Male,Florida,0,84,1,0,0,0,0,0
Black,Male,Georgia,0,84,1,0,0,0,0,0
Black,Male,Florida,0,84,2,1,0,0,0,0
White,Male,Florida,0,84,1,0,0,0,0,0
White,Male,Louisiana,0,84,1,0,0,0,0,0
Black,Male,Florida,0,84,0,1,0,0,0,0
Black,Male,Virginia,0,84,1,0,0,0,0,0
Black,Male,Louisiana,0,84,1,0,0,0,0,0
White,Male,Texas,0,84,1,0,0,0,0,0
White,Female,North Carolina,0,84,1,0,0,0,0,0
White,Male,Florida,0,84,1,0,0,0,0,0
Black,Male,Georgia,0,84,1,0,0,0,0,0
White,Male,Louisiana,0,84,1,0,0,0,0,0
White,Male,Louisiana,0,85,4,0,0,0,0,0
Black,Male,Georgia,0,85,1,0,0,0,0,0
White,Male,South Carolina,0,85,2,0,0,0,0,0
White,Male,Texas,0,85,1,0,0,0,0,0
White,Male,Florida,0,85,1,0,0,0,0,0
Black,Male,Georgia,0,85,1,0,0,0,0,0
White,Male,Florida,0,85,1,0,0,0,0,0
White,Male,Texas,0,85,1,0,0,0,0,0
Black,Male,Georgia,0,85,3,0,0,0,0,0
Black,Male,Virginia,0,85,0,2,0,0,0,0
Latino/a,Male,Texas,0,85,0,0,0,1,0,0
Black,Male,Florida,0,85,0,6,0,0,0,0
Black,Male,Texas,0,85,0,1,0,0,0,0
Black,Male,Virginia,0,85,1,0,0,0,0,0
Latino/a,Male,Texas,0,85,1,0,0,0,0,0
White,Male,Texas,0,85,1,0,0,0,0,0
White,Male,Indiana,0,85,1,0,0,0,0,0
White,Male,Nevada,0,85,1,0,0,0,0,0
White,Male,South Carolina,0,86,2,0,0,0,0,0
White,Male,Texas,0,86,1,0,0,0,0,0
Black,Male,Alabama,0,86,1,0,0,0,0,0
Black,Male,Florida,0,86,1,0,0,0,0,0
White,Male,Texas,0,86,1,0,0,0,0,0
Black,Male,Florida,0,86,2,0,0,0,0,0
White,Male,Texas,0,86,2,0,0,0,0,0
White,Male,Florida,0,86,1,0,0,0,0,0
Latino/a,Male,Texas,0,86,1,0,0,0,0,0
White,Male,Texas,0,86,1,0,0,0,0,0
Black,Male,Georgia,0,86,1,0,0,0,0,0
Black,Male,Virginia,0,86,1,0,0,0,0,0
White,Male,Texas,0,86,1,0,0,0,0,0
Black,Male,Texas,0,86,1,0,0,0,0,0
White,Male,Texas,0,86,1,0,0,0,0,0
White,Male,North Carolina,0,86,1,0,0,0,0,0
Black,Male,Texas,0,86,0,0,1,0,0,0
Latino/a,Male,Texas,0,86,0,0,1,0,0,0
Latino/a,Male,Texas,0,87,0,0,1,0,0,0
Latino/a,Male,Texas,0,87,1,0,0,0,0,0
Black,Male,Georgia,0,87,0,1,0,0,0,0
Black,Male,Mississippi,0,87,1,0,0,0,0,0
Black,Male,Georgia,0,87,1,0,0,0,0,0
Black,Male,Texas,0,87,1,0,0,0,0,0
White,Male,Georgia,0,87,1,0,0,0,0,0
White,Male,Louisiana,0,87,1,0,0,0,0,0
Black,Male,Louisiana,0,87,1,0,0,0,0,0
White,Male,Louisiana,0,87,2,0,0,0,0,0
White,Male,Louisiana,0,87,2,0,0,0,0,0
Black,Male,Texas,0,87,1,0,0,0,0,0
White,Male,Virginia,0,87,1,0,0,0,0,0
Black,Male,Mississippi,0,87,0,0,0,1,0,0
White,Male,Texas,0,87,1,0,0,0,0,0
Black,Male,Louisiana,0,87,1,0,0,0,0,0
Black,Male,Louisiana,0,87,1,0,0,0,0,0
White,Male,Louisiana,0,87,1,0,0,0,0,0
White,Male,Louisiana,0,87,1,0,0,0,0,0
White,Male,Alabama,0,87,1,0,0,0,0,0
Black,Male,Florida,0,87,0,6,0,0,0,0
Black,Male,Utah,0,87,3,0,0,0,0,0
Black,Male,Georgia,0,87,1,0,0,0,0,0
White,Male,Texas,0,87,1,0,0,0,0,0
White,Male,Georgia,0,87,1,0,0,0,0,0
White,Male,Texas,0,88,1,0,0,0,0,0
Black,Male,Florida,0,88,1,0,0,0,0,0
White,Male,Louisiana,0,88,1,0,0,0,0,0
Black,Male,Louisiana,0,88,0,5,0,0,0,0
Black,Male,Virginia,0,88,0,1,0,0,0,0
White,Male,Utah,0,88,5,0,0,0,0,0
White,Male,Louisiana,0,88,1,0,0,0,0,0
White,Male,Georgia,0,88,1,0,0,0,0,0
Black,Male,Texas,0,88,1,0,0,0,0,0
White,Male,Florida,0,88,1,0,0,0,0,0
Black,Male,Texas,0,88,0,1,0,0,0,0
White,Male,Missouri,0,89,1,0,0,0,0,0
White,Male,Florida,0,89,1,0,0,0,0,0
Black,Male,Texas,0,89,1,0,0,0,0,0
White,Male,Florida,0,89,1,0,0,0,0,0
Black,Male,Georgia,0,89,1,0,0,0,0,0
White,Male,Texas,0,89,1,0,0,0,0,0
Black,Male,Alabama,0,89,1,0,0,0,0,0
White,Male,Nevada,0,89,1,0,0,0,0,0
Black,Male,Mississippi,0,89,0,1,0,0,0,0
White,Male,Nevada,0,89,1,0,0,0,0,0
Black,Male,Alabama,0,89,1,0,0,0,0,0
Black,Male,Alabama,0,89,0,1,0,0,0,0
Black,Male,Virginia,0,89,1,0,0,0,0,0
White,Male,Texas,0,89,1,0,0,0,0,0
Black,Male,Alabama,0,89,0,1,0,0,0,0
Latino/a,Male,Texas,0,89,0,0,1,0,0,0
White,Male,Missouri,0,90,1,0,0,0,0,0
Black,Male,Texas,0,90,0,1,0,0,0,0
White,Male,South Carolina,0,90,1,0,0,0,0,0
White,Male,Florida,0,90,2,0,0,0,0,0
Black,Male,Missouri,0,90,1,0,0,0,0,0
White,Male,Missouri,0,90,2,0,0,0,0,0
White,Male,Texas,0,90,1,0,0,0,0,0
Black,Male,Louisiana,0,90,1,0,0,0,0,0
White,Male,Nevada,0,90,1,0,0,0,0,0
White,Male,Arkansas,0,90,1,0,0,0,0,0
White,Male,Arkansas,0,90,16,0,0,0,0,0
Black,Male,Texas,0,90,1,0,0,0,0,0
Black,Male,Alabama,0,90,1,0,0,0,0,0
White,Male,Texas,0,90,1,0,0,0,0,0
White,Male,Virginia,0,90,1,0,0,0,0,0
Black,Male,Florida,0,90,1,0,0,0,0,0
White,Male,Missouri,0,90,2,0,0,0,0,0
White,Male,Oklahoma,0,90,1,0,0,0,0,0
White,Male,Illinois,0,90,2,0,0,0,0,0
White,Male,Florida,0,90,1,0,0,0,0,0
Black,Male,Virginia,0,90,0,1,0,0,0,0
White,Male,Florida,0,90,1,0,0,0,0,0
White,Male,Virginia,0,90,1,0,0,0,0,0
Black,Male,Texas,0,91,1,0,0,0,0,0
White,Male,Florida,0,91,1,0,0,0,0,0
Latino/a,Male,Texas,0,91,2,0,0,0,0,0
White,Male,Texas,0,91,1,0,0,0,0,0
Black,Male,Florida,0,91,0,1,0,0,0,0
Black,Male,Louisiana,0,91,0,1,0,0,0,0
White,Male,Virginia,0,91,1,0,0,0,0,0
Black,Male,Virginia,0,91,1,0,0,0,0,0
Black,Male,Missouri,0,91,4,0,0,0,0,0
White,Male,South Carolina,0,91,0,1,0,0,0,0
Black,Male,Texas,0,91,1,0,0,0,0,0
Black,Male,Georgia,0,91,1,0,0,0,0,0
White,Male,North Carolina,0,91,1,0,0,0,0,0
White,Male,Texas,0,91,1,0,0,0,0,0
Latino/a,Male,Texas,0,92,1,0,0,0,0,0
White,Male,Wyoming,0,92,1,0,0,0,0,0
Black,Male,Arkansas,0,92,1,0,0,0,0,0
White,Male,Texas,0,92,1,0,0,0,0,0
White,Male,Texas,0,92,2,0,0,0,0,0
White,Male,Texas,0,92,1,0,0,0,0,0
Black,Male,Oklahoma,0,92,0,0,0,1,0,0
White,Male,Oklahoma,0,92,3,0,0,0,0,0
White,Male,Delaware,0,92,2,0,0,0,0,0
White,Male,Alabama,0,92,1,0,0,0,0,0
White,Male,Arizona,0,92,2,0,0,0,0,0
White,Male,California,0,92,2,0,0,0,0,0
Black,Male,Texas,0,92,1,0,0,0,0,0
White,Male,Arkansas,0,92,1,0,0,0,0,0
White,Male,Texas,0,92,1,0,0,0,0,0
White,Male,Florida,0,92,1,0,0,0,0,0
Latino/a,Male,Texas,0,92,0,0,1,0,0,0
White,Male,Virginia,0,92,1,0,0,0,0,0
White,Male,Texas,0,92,1,0,0,0,0,0
Black,Male,Florida,0,92,2,0,0,0,0,0
White,Male,Virginia,0,92,1,0,0,0,0,0
Black,Male,Utah,0,92,3,0,0,0,0,0
Black,Male,Texas,0,92,1,0,0,0,0,0
Black,Male,Virginia,0,92,0,2,0,0,0,0
Black,Male,Texas,0,92,2,0,0,0,0,0
White,Male,Missouri,0,92,1,0,0,0,0,0
White,Male,North Carolina,0,92,2,0,0,0,0,0
Black,Male,Texas,0,92,0,1,0,0,0,0
Black,Male,Alabama,0,92,1,0,0,0,0,0
Black,Male,Texas,0,92,1,0,0,0,0,0
White,Male,Virginia,0,92,0,0,0,1,0,0
White,Male,Washington,0,93,3,0,0,0,0,0
Black,Male,Virginia,0,93,3,0,0,0,0,0
Black,Male,Missouri,0,93,0,1,0,0,0,0
White,Male,Arizona,0,93,1,0,0,0,0,0
Native American or Alaskan Native,Male,Delaware,0,93,1,0,0,0,0,0
White,Male,Louisiana,0,93,1,0,0,0,0,0
Black,Male,Virginia,0,93,4,1,0,0,0,0
Latino/a,Male,Texas,0,93,0,0,1,0,0,0
Latino/a,Male,Texas,0,93,1,0,0,0,0,0
White,Male,Arizona,0,93,4,0,0,0,0,0
White,Male,Florida,0,93,3,0,0,0,0,0
Black,Male,Texas,0,93,1,0,0,0,0,0
White,Male,Florida,0,93,1,0,0,0,0,0
Latino/a,Male,Texas,0,93,0,0,1,0,0,0
White,Male,Texas,0,93,1,0,0,0,0,0
White,Male,Virginia,0,93,1,0,0,0,0,0
White,Male,Georgia,0,93,1,0,0,0,0,0
White,Male,Texas,0,93,1,0,0,0,0,0
Black,Male,Texas,0,93,1,0,0,0,0,0
Black,Male,Missouri,0,93,1,0,0,0,0,0
Black,Male,Missouri,0,93,0,1,0,0,0,0
Black,Male,Texas,0,93,1,0,0,0,0,0
White,Male,Texas,0,93,1,0,0,0,0,0
White,Male,Texas,0,93,1,0,0,0,0,0
Black,Male,Texas,0,93,2,0,0,0,0,0
White,Male,California,0,93,5,0,0,0,0,0
Latino/a,Male,Texas,0,93,0,0,1,0,0,0
White,Male,Florida,0,93,1,0,0,0,0,0
Black,Male,Delaware,0,93,1,0,0,0,0,0
Black,Male,Texas,0,93,1,0,0,0,0,0
White,Male,Texas,0,93,1,0,0,0,0,0
Black,Male,Virginia,0,93,1,0,0,0,0,0
Black,Male,Texas,0,93,1,0,0,0,0,0
White,Male,Missouri,0,93,1,0,0,0,0,0
White,Male,Texas,0,93,1,0,0,0,0,0
White,Male,Georgia,0,93,1,0,0,0,0,0
Black,Male,Texas,0,93,1,0,0,0,0,0
White,Male,Virginia,0,93,1,0,0,0,0,0
White,Male,Idaho,0,94,2,0,0,0,0,0
White,Male,Texas,0,94,0,0,0,1,0,0
Black,Male,Virginia,0,94,1,0,0,0,0,0
Black,Male,Georgia,0,94,0,1,0,0,0,0
Black,Male,Texas,0,94,0,0,1,0,0,0
White,Male,Texas,0,94,1,0,0,0,0,0
White,Male,Florida,0,94,1,0,0,0,0,0
White,Male,Texas,0,94,1,0,0,0,0,0
Black,Male,Virginia,0,94,1,0,0,0,0,0
Black,Male,Texas,0,94,0,1,0,0,0,0
White,Male,Illinois,0,94,12,0,0,0,0,0
Black,Male,Arkansas,0,94,0,1,0,0,0,0
White,Male,Arkansas,0,94,1,0,0,0,0,0
White,Male,Maryland,0,94,1,0,0,0,0,0
White,Male,Texas,0,94,1,0,0,0,0,0
White,Male,Washington,0,94,3,0,0,0,0,0
White,Male,Texas,0,94,1,0,0,0,0,0
White,Male,North Carolina,0,94,1,0,0,0,0,0
Black,Male,Delaware,0,94,0,2,0,0,0,0
White,Male,Texas,0,94,1,0,0,0,0,0
White,Male,Arkansas,0,94,1,0,0,0,0,0
White,Male,Arkansas,0,94,1,0,0,0,0,0
White,Male,Arkansas,0,94,1,0,0,0,0,0
Black,Male,Nebraska,0,94,1,0,0,0,0,0
Latino/a,Male,Texas,0,94,1,0,0,0,0,0
White,Male,Texas,0,94,2,0,0,0,0,0
Black,Male,Texas,0,94,1,0,0,0,0,0
White,Male,Texas,0,94,1,0,0,0,0,0
Black,Male,Texas,0,94,1,0,0,0,0,0
Black,Male,Indiana,0,94,1,0,0,0,0,0
White,Male,Texas,0,94,1,0,0,0,0,0
White,Male,Texas,0,95,1,0,0,0,0,0
Latino/a,Male,Texas,0,95,0,0,1,0,0,0
White,Male,North Carolina,0,95,0,1,0,0,0,0
Black,Male,Virginia,0,95,1,0,0,0,0,0
White,Male,Texas,0,95,1,0,0,0,0,0
Black,Male,Texas,0,95,1,0,0,0,0,0
White,Male,Texas,0,95,0,0,1,0,0,0
White,Male,Texas,0,95,1,0,0,0,0,0
Black,Male,Texas,0,95,1,0,0,0,0,0
White,Male,Delaware,0,95,1,0,0,0,0,0
White,Male,Oklahoma,0,95,0,1,0,0,0,0
Black,Male,Illinois,0,95,1,0,0,0,0,0
White,Male,Illinois,0,95,1,0,0,0,0,0
White,Male,Texas,0,95,1,0,0,0,0,0
White,Male,Georgia,0,95,1,0,0,0,0,0
White,Male,Arkansas,0,95,1,0,0,0,0,0
Black,Male,Alabama,0,95,0,1,0,0,0,0
White,Male,Pennsylvania,0,95,1,0,0,0,0,0
Black,Male,Missouri,0,95,0,1,0,0,0,0
White,Male,Montana,0,95,1,0,0,0,0,0
Black,Male,Alabama,0,95,0,1,0,0,0,0
Black,Male,Louisiana,0,95,0,1,0,0,0,0
White,Male,Georgia,0,95,1,0,0,0,0,0
Black,Male,Illinois,0,95,1,0,0,0,0,0
Black,Male,Virginia,0,95,1,0,0,0,0,0
White,Male,Texas,0,95,1,0,0,0,0,0
Black,Male,Texas,0,95,1,0,0,0,0,0
Black,Male,Texas,0,95,1,0,0,0,0,0
Black,Male,Missouri,0,95,0,1,0,0,0,0
Black,Male,Texas,0,95,1,0,0,0,0,0
White,Male,Oklahoma,0,95,4,1,1,0,0,0
White,Male,Florida,0,95,1,0,3,0,0,0
Black,Male,Missouri,0,95,0,2,0,0,0,0
White,Male,Oklahoma,0,95,1,0,0,0,0,0
Black,Male,Texas,0,95,1,0,0,0,0,0
White,Male,Pennsylvania,0,95,3,0,0,0,0,0
Black,Male,South Carolina,0,95,0,1,0,0,0,0
Black,Male,Arkansas,0,95,1,0,0,0,0,0
White,Male,Arizona,0,95,1,0,0,0,0,0
Black,Male,Texas,0,95,0,1,0,0,0,0
White,Male,Illinois,0,95,1,0,0,0,0,0
White,Male,North Carolina,0,95,2,0,0,0,0,0
White,Male,Virginia,0,95,1,0,0,0,0,0
White,Male,Texas,0,95,1,0,0,0,0,0
White,Male,Virginia,0,95,3,0,0,0,0,0
Black,Male,Virginia,0,95,1,0,0,0,0,0
White,Male,Missouri,0,95,1,0,0,0,0,0
White,Male,Illinois,0,95,1,0,0,0,0,0
White,Male,Missouri,0,95,1,0,0,0,0,0
Black,Male,Florida,0,95,1,0,0,0,0,0
White,Male,Florida,0,95,0,0,1,0,0,0
White,Male,Missouri,0,95,0,1,0,0,0,0
Black,Male,Texas,0,95,1,0,0,0,0,0
Asian,Male,Texas,0,95,0,0,0,2,0,0
Latino/a,Male,Texas,0,95,1,0,0,0,0,0
White,Male,Texas,0,95,1,0,0,0,0,0
White,Male,Virginia,0,96,1,0,0,0,0,0
Black,Male,Virginia,0,96,1,0,0,0,0,0
White,Male,Delaware,0,96,2,0,0,0,0,0
White,Male,Utah,0,96,1,0,0,0,0,0
Black,Male,Delaware,0,96,0,2,0,0,0,0
White,Male,Texas,0,96,2,0,0,0,0,0
Black,Male,Alabama,0,96,1,0,0,0,0,0
White,Male,Missouri,0,96,1,0,0,0,0,0
White,Male,California,0,96,4,0,0,0,0,0
Black,Male,Texas,0,96,0,1,0,0,0,0
Black,Male,Louisiana,0,96,1,0,0,0,0,0
White,Male,Nevada,0,96,2,0,0,0,0,0
White,Male,Missouri,0,96,1,0,0,0,0,0
White,Male,Delaware,0,96,2,0,0,0,0,0
White,Male,Oklahoma,0,96,1,0,0,0,0,0
White,Male,California,0,96,0,0,3,0,0,0
White,Male,South Carolina,0,96,1,0,0,0,0,0
White,Male,Arizona,0,96,1,0,0,0,0,0
White,Male,Nebraska,0,96,2,0,0,0,0,0
White,Male,Virginia,0,96,1,0,0,0,0,0
Black,Male,Indiana,0,96,1,0,0,0,0,0
White,Male,South Carolina,0,96,3,0,0,0,0,0
Native American or Alaskan Native,Male,Missouri,0,96,1,0,0,0,0,0
Black,Male,Missouri,0,96,0,1,0,0,0,0
White,Male,Arkansas,0,96,2,0,0,0,0,0
White,Male,Oklahoma,0,96,2,0,0,0,0,0
White,Male,Missouri,0,96,2,0,0,0,0,0
Latino/a,Male,Arizona,0,96,1,0,0,0,0,0
White,Male,Oregon,0,96,3,0,0,0,0,0
White,Male,South Carolina,0,96,3,0,0,0,0,0
Black,Male,Illinois,0,96,1,2,0,0,0,0
Latino/a,Male,Texas,0,96,1,0,0,0,0,0
White,Male,South Carolina,0,96,2,0,0,0,0,0
Black,Male,Florida,0,96,1,0,0,0,0,0
White,Male,Georgia,0,96,3,0,0,0,0,0
White,Male,Georgia,0,96,1,0,0,0,0,0
White,Male,South Carolina,0,96,2,0,0,0,0,0
Black,Male,Virginia,0,96,1,0,0,0,0,0
Black,Male,South Carolina,0,96,0,1,0,0,0,0
White,Male,Virginia,0,96,1,0,0,0,0,0
Black,Male,Florida,0,96,1,0,0,0,0,0
Black,Male,Virginia,0,96,1,0,0,0,0,0
White,Male,Missouri,0,96,1,0,0,0,0,0
White,Male,Virginia,0,96,1,0,0,0,0,0
White,Male,Virginia,0,96,1,0,0,0,0,0
White,Male,Arkansas,0,97,2,0,0,0,0,0
Latino/a,Male,Arkansas,0,97,2,0,0,0,0,0
Black,Male,Arkansas,0,97,1,0,0,0,0,0
White,Male,Alabama,0,97,1,0,0,0,0,0
White,Male,Arizona,0,97,4,0,0,0,0,0
White,Male,Missouri,0,97,2,0,0,0,0,0
White,Male,Virginia,0,97,1,0,0,0,0,0
White,Male,Texas,0,97,1,0,0,0,0,0
Black,Male,Virginia,0,97,1,0,0,0,0,0
Black,Male,Texas,0,97,1,0,0,0,0,0
Latino/a,Male,Florida,0,97,0,1,0,0,0,0
White,Male,Texas,0,97,1,0,0,0,0,0
White,Male,Texas,0,97,3,0,0,0,0,0
White,Male,Texas,0,97,1,0,0,0,0,0
White,Male,Texas,0,97,1,0,0,0,0,0
White,Male,Texas,0,97,1,0,0,0,0,0
White,Male,Louisiana,0,97,1,0,0,0,0,0
White,Male,Texas,0,97,2,0,0,0,0,0
Black,Male,Alabama,0,97,0,3,0,0,0,0
Black,Male,Texas,0,97,1,0,0,0,0,0
Native American or Alaskan Native,Male,Oklahoma,0,97,1,0,0,0,0,0
Black,Male,Texas,0,97,1,0,0,0,0,0
White,Male,Oregon,0,97,2,0,0,0,0,0
White,Male,Texas,0,97,1,0,0,0,0,0
White,Male,Texas,0,97,3,0,0,0,0,0
White,Male,Texas,0,97,1,0,0,0,0,0
Black,Male,Texas,0,97,1,0,0,0,0,0
White,Male,Texas,0,97,1,0,0,0,0,0
White,Male,Texas,0,97,2,0,0,0,0,0
Black,Male,Texas,0,97,1,0,0,0,0,0
Black,Male,Texas,0,97,1,0,0,0,0,0
Black,Male,Texas,0,97,1,0,0,0,0,0
Latino/a,Male,Texas,0,97,0,0,1,0,0,0
White,Male,Alabama,0,97,0,1,0,0,0,0
White,Male,Texas,0,97,2,0,0,0,0,0
White,Male,South Carolina,0,97,1,0,0,0,0,0
White,Male,Texas,0,97,1,0,0,0,0,0
Black,Male,Texas,0,97,3,0,0,0,0,0
Latino/a,Male,Texas,0,97,1,0,0,0,0,0
White,Male,Arizona,0,97,1,0,0,0,0,0
White,Male,Kentucky,0,97,1,0,0,0,0,0
Black,Male,Maryland,0,97,1,0,0,0,0,0
White,Male,Virginia,0,97,1,0,0,0,0,0
White,Male,Virginia,0,97,1,0,0,0,0,0
Native American or Alaskan Native,Male,Texas,0,97,1,0,0,0,0,0
White,Male,Arkansas,0,97,2,0,0,0,0,0
White,Male,Missouri,0,97,1,0,0,0,0,0
White,Male,Missouri,0,97,1,0,0,0,0,0
Black,Male,Virginia,0,97,1,0,0,0,0,0
White,Male,Missouri,0,97,1,0,0,0,0,0
Black,Male,Texas,0,97,0,3,0,0,0,0
Latino/a,Male,Virginia,0,97,1,0,0,0,0,0
Black,Male,Texas,0,97,1,0,0,0,0,0
Black,Male,Missouri,0,97,0,1,0,0,0,0
White,Male,Texas,0,97,2,0,0,0,0,0
White,Male,Texas,0,97,1,0,0,0,0,0
Black,Male,Texas,0,97,1,0,0,0,0,0
White,Male,Texas,0,97,1,0,0,0,0,0
White,Male,Colorado,0,97,1,0,0,0,0,0
White,Male,Missouri,0,97,1,0,0,0,0,0
Black,Male,Texas,0,97,0,0,1,0,0,0
Asian,Male,Texas,0,97,0,0,0,1,0,0
White,Male,Texas,0,97,1,0,0,0,0,0
Black,Male,South Carolina,0,97,1,0,0,0,0,0
Black,Male,Virginia,0,97,1,0,0,0,0,0
Black,Male,Illinois,0,97,2,0,0,0,0,0
Black,Male,Illinois,0,97,0,1,0,0,0,0
White,Male,Texas,0,97,2,0,0,0,0,0
Black,Male,Indiana,0,97,0,1,0,0,0,0
Black,Male,Texas,0,97,1,0,0,0,0,0
Black,Male,Nebraska,0,97,1,0,0,0,0,0
White,Male,Texas,0,97,1,0,0,0,0,0
Black,Male,Virginia,0,97,1,0,0,0,0,0
White,Male,Virginia,0,97,0,1,0,0,0,0
Latino/a,Male,Arizona,0,98,1,0,1,0,0,0
White,Male,Illinois,0,98,1,0,0,0,0,0
White,Male,Indiana,0,98,1,0,0,0,0,0
White,Male,North Carolina,0,98,1,0,0,0,0,0
White,Female,Texas,0,98,2,0,0,0,0,0
White,Male,Texas,0,98,3,0,0,0,0,0
Black,Male,Virginia,0,98,1,0,0,0,0,0
White,Male,Oklahoma,0,98,2,0,0,0,0,0
White,Male,Montana,0,98,2,0,0,0,0,0
Black,Male,Missouri,0,98,0,2,0,0,0,0
White,Male,South Carolina,0,98,0,1,0,0,0,0
White,Male,Texas,0,98,1,0,0,0,0,0
White,Male,Virginia,0,98,4,0,0,0,0,0
White,Male,Florida,0,98,1,0,0,0,0,0
Black,Male,Florida,0,98,1,0,0,0,0,0
Black,Male,Missouri,0,98,0,1,0,0,0,0
Black,Male,Virginia,0,98,1,0,0,0,0,0
White,Female,Florida,0,98,1,0,0,0,0,0
Native American or Alaskan Native,Male,Florida,0,98,1,0,0,0,0,0
Latino/a,Male,Virginia,0,98,1,0,0,0,0,0
Latino/a,Male,Arizona,0,98,0,0,1,0,0,0
White,Male,Missouri,0,98,1,0,0,0,0,0
White,Male,Texas,0,98,1,0,0,0,0,0
White,Male,Texas,0,98,1,0,0,0,0,0
White,Male,Arizona,0,98,1,0,0,0,0,0
White,Male,Texas,0,98,1,0,0,0,0,0
White,Male,Alabama,0,98,1,0,0,0,0,0
Black,Male,Texas,0,98,0,0,1,0,0,0
Latino/a,Male,Texas,0,98,1,0,0,0,0,0
White,Male,Arizona,0,98,2,0,0,0,0,0
White,Male,Georgia,0,98,2,0,0,0,0,0
White,Male,Texas,0,98,1,0,0,0,0,0
White,Male,Texas,0,98,1,0,0,0,0,0
White,Male,Virginia,0,98,1,0,0,0,0,0
Latino/a,Male,Texas,0,98,4,0,0,0,0,0
White,Male,Arkansas,0,98,1,0,0,0,0,0
White,Male,South Carolina,0,98,0,1,0,0,0,0
White,Male,California,0,98,1,0,0,0,0,0
White,Male,Virginia,0,98,1,0,0,0,0,0
White,Male,Oklahoma,0,98,1,0,0,0,0,0
White,Male,North Carolina,0,98,1,0,0,0,0,0
Black,Male,Virginia,0,98,1,0,0,0,0,0
Latino/a,Male,Texas,0,98,0,1,0,0,0,0
Black,Male,Virginia,0,98,1,0,0,0,0,0
White,Male,Texas,0,98,1,0,0,0,0,0
Latino/a,Male,Texas,0,98,0,0,1,0,0,0
White,Male,Virginia,0,98,2,0,0,0,0,0
White,Male,South Carolina,0,98,2,1,0,0,0,0
Latino/a,Male,Texas,0,98,1,1,0,0,0,0
Latino/a,Male,Nevada,0,98,1,0,0,0,0,0
White,Male,Texas,0,98,2,0,0,0,0,0
White,Male,Washington,0,98,2,0,1,0,0,0
Black,Male,Virginia,0,98,0,1,0,0,0,0
Black,Male,Virginia,0,98,0,2,0,0,0,0
Black,Male,Maryland,0,98,1,0,0,0,0,0
White,Male,Texas,0,98,1,0,0,0,0,0
Black,Male,Virginia,0,98,0,1,0,0,0,0
White,Male,North Carolina,0,98,2,0,0,0,0,0
Black,Male,Virginia,0,98,0,1,0,0,0,0
Black,Male,South Carolina,0,98,1,0,0,0,0,0
Black,Male,South Carolina,0,98,1,0,0,0,0,0
White,Male,Texas,0,98,3,0,0,0,0,0
White,Male,Texas,0,98,1,0,0,0,0,0
Asian,Male,Oklahoma,0,98,3,0,0,0,0,0
Black,Male,South Carolina,0,98,1,0,0,0,0,0
Black,Male,Texas,0,98,0,0,1,0,0,0
White,Male,Oklahoma,0,98,1,0,0,0,0,0
Black,Male,South Carolina,0,98,0,2,0,0,0,0
White,Male,Texas,0,99,1,0,0,0,0,0
Native American or Alaskan Native,Male,Oklahoma,0,99,1,0,0,0,0,0
Black,Male,Louisiana,0,99,1,0,0,0,0,0
Black,Male,South Carolina,0,99,0,0,0,1,0,0
White,Male,Arizona,0,99,1,0,0,0,0,0
Black,Male,Missouri,0,99,1,0,0,0,0,0
White,Male,Texas,0,99,1,0,0,0,0,0
Black,Male,Virginia,0,99,2,0,0,0,0,0
Native American or Alaskan Native,Male,South Carolina,0,99,1,1,0,0,0,0
Latino/a,Male,Texas,0,99,1,0,0,0,0,0
Native American or Alaskan Native,Male,Arizona,0,99,1,0,0,0,0,0
White,Male,Oklahoma,0,99,3,0,0,0,0,0
White,Male,Virginia,0,99,1,0,0,0,0,0
Asian,Male,California,0,99,0,0,0,2,0,0
Latino/a,Male,Texas,0,99,0,0,1,0,0,0
White,Male,Texas,0,99,1,0,0,0,0,0
White,Male,Arkansas,0,99,3,0,0,0,0,0
Latino/a,Male,Texas,0,99,3,0,0,0,0,0
White,Male,Ohio,0,99,1,0,0,0,0,0
White,Male,Arizona,0,99,1,0,0,0,0,0
White,Male,Missouri,0,99,1,0,0,0,0,0
Black,Male,Texas,0,99,1,0,0,0,0,0
White,Male,Arizona,0,99,1,0,0,0,0,0
White,Male,Virginia,0,99,1,0,0,0,0,0
White,Male,Missouri,0,99,1,0,0,0,0,0
White,Male,Illinois,0,99,1,0,0,0,0,0
White,Male,Virginia,0,99,1,0,0,0,0,0
White,Male,North Carolina,0,99,1,0,0,0,0,0
Black,Male,Texas,0,99,1,0,0,0,0,0
White,Male,Texas,0,99,1,0,0,0,0,0
Asian,Male,Nevada,0,99,2,0,0,0,0,0
White,Male,Arkansas,0,99,1,0,0,0,0,0
Black,Male,Virginia,0,99,1,0,0,0,0,0
Black,Male,Missouri,0,99,2,0,0,0,0,0
White,Male,Virginia,0,99,2,0,0,0,0,0
White,Male,Delaware,0,99,4,0,0,0,0,0
Black,Male,Missouri,0,99,1,0,0,0,0,0
White,Male,Texas,0,99,1,0,0,0,0,0
White,Male,Virginia,0,99,1,1,0,0,0,0
White,Male,Virginia,0,99,1,0,0,0,0,0
Black,Male,California,0,99,1,0,0,0,0,0
Latino/a,Male,Texas,0,99,0,0,1,0,0,0
White,Male,Arizona,0,99,1,0,0,0,0,0
Black,Male,Texas,0,99,0,1,0,0,0,0
White,Male,Kentucky,0,99,2,0,0,0,0,0
Black,Male,Missouri,0,99,0,1,0,0,0,0
White,Male,Texas,0,99,1,0,0,0,0,0
White,Male,Oklahoma,0,99,0,0,1,0,0,0
White,Male,Arizona,0,99,2,0,0,0,0,0
Black,Male,Missouri,0,99,1,0,0,0,0,0
White,Male,Texas,0,99,1,0,0,0,0,0
Black,Male,Alabama,0,99,1,0,0,0,0,0
White,Male,Missouri,0,99,1,0,0,0,0,0
White,Male,Texas,0,99,1,0,0,0,0,0
White,Male,Pennsylvania,0,99,0,2,0,0,0,0
Black,Male,Texas,0,99,1,0,0,0,0,0
White,Male,Florida,0,99,3,0,0,0,0,0
White,Male,Oklahoma,0,99,0,1,0,0,0,0
White,Male,Virginia,0,99,0,1,0,0,0,0
White,Male,Texas,0,99,1,0,0,0,0,0
Black,Male,Texas,0,99,1,0,0,0,0,0
Black,Male,Alabama,0,99,1,0,0,0,0,0
Black,Male,Texas,0,99,1,0,0,0,0,0
White,Male,Texas,0,99,1,0,0,0,0,0
Black,Male,Virginia,0,99,1,0,0,0,0,0
Latino/a,Male,Texas,0,99,1,0,0,0,0,0
White,Male,Missouri,0,99,1,0,0,0,0,0
Black,Male,Texas,0,99,0,0,0,1,0,0
White,Male,Arkansas,0,99,3,0,0,0,0,0
White,Male,Arkansas,0,99,2,0,0,0,0,0
Black,Male,Texas,0,99,0,1,0,0,0,0
Black,Male,Texas,0,99,0,1,0,0,0,0
White,Male,Virginia,0,99,1,0,0,0,0,0
White,Male,Texas,0,99,1,0,0,0,0,0
Black,Male,Delaware,0,99,1,0,0,0,0,0
Black,Male,North Carolina,0,99,2,0,0,0,0,0
White,Male,Texas,0,99,1,0,0,0,0,0
White,Male,Texas,0,99,1,0,0,0,0,0
White,Male,Utah,0,99,1,0,0,0,0,0
Black,Male,Virginia,0,99,0,1,0,0,0,0
White,Male,North Carolina,0,99,1,0,0,0,0,0
Latino/a,Male,Arizona,0,99,0,0,1,0,0,0
Native American or Alaskan Native,Male,Texas,0,99,1,0,0,0,0,0
Black,Male,Virginia,0,99,0,1,0,0,0,0
Black,Male,South Carolina,0,99,1,0,0,0,0,0
Black,Male,Texas,0,99,0,2,0,0,0,0
White,Male,Texas,0,99,1,0,0,0,0,0
Latino/a,Male,Texas,0,99,1,0,0,0,0,0
Black,Male,North Carolina,0,99,2,0,0,0,0,0
Black,Male,Oklahoma,0,99,1,0,0,0,0,0
White,Male,South Carolina,0,99,1,0,0,0,0,0
White,Male,Texas,0,99,3,0,0,0,0,0
White,Male,Indiana,0,99,2,0,0,0,0,0
Black,Male,Oklahoma,0,99,1,0,0,0,0,0
White,Male,Texas,0,99,3,0,0,0,0,0
Black,Male,Virginia,0,99,1,0,0,0,0,0
White,Male,Texas,0,99,1,0,0,0,0,0
Black,Male,Texas,0,99,1,0,0,0,0,0
Black,Male,Oklahoma,0,0,1,0,0,0,0,0
White,Male,Alabama,0,0,1,0,0,0,0,0
White,Male,Virginia,0,0,2,0,0,0,0,0
White,Male,Texas,0,0,2,0,0,0,0,0
White,Male,Oklahoma,0,0,1,0,0,0,0,0
White,Male,Virginia,0,0,1,0,0,0,0,0
White,Male,Texas,0,0,1,0,0,0,0,0
Black,Male,Texas,0,0,0,1,0,0,0,0
White,Male,Texas,0,0,5,0,0,0,0,0
White,Male,Texas,0,0,1,0,0,0,0,0
Black,Male,Texas,0,0,1,0,0,0,0,0
White,Male,Texas,0,0,1,0,0,0,0,0
Black,Male,Oklahoma,0,0,0,1,0,0,0,0
White,Male,Arizona,0,0,1,0,0,0,0,0
White,Male,Florida,0,0,1,0,0,0,0,0
Black,Male,Texas,0,0,1,0,0,0,0,0
White,Male,Florida,0,0,1,0,0,0,0,0
White,Female,Texas,0,0,1,0,0,0,0,0
Black,Male,Texas,0,0,0,1,0,0,0,0
Black,Male,Alabama,0,0,2,0,0,0,0,0
Black,Male,Texas,0,0,0,0,0,1,0,0
White,Male,Arizona,0,0,2,0,0,0,0,0
Native American or Alaskan Native,Male,California,0,0,3,0,0,0,0,0
White,Male,Texas,0,0,1,0,0,0,0,0
Black,Male,Virginia,0,0,0,0,1,0,0,0
White,Male,Missouri,0,0,1,0,0,0,0,0
Black,Male,Oklahoma,0,0,1,0,0,0,0,0
Black,Male,Alabama,0,0,1,0,0,0,0,0
White,Male,Tennessee,0,0,1,0,0,0,0,0
Black,Male,Oklahoma,0,0,1,0,0,0,0,0
White,Female,Arkansas,0,0,2,0,0,0,0,0
Black,Male,Texas,0,0,1,0,0,0,0,0
White,Male,Texas,0,0,1,0,0,0,0,0
White,Male,Texas,0,0,2,0,0,0,0,0
Black,Male,Texas,0,0,1,0,0,0,0,0
White,Male,Texas,0,0,1,0,0,0,0,0
Black,Male,Oklahoma,0,0,0,1,0,0,0,0
Black,Male,Texas,0,0,1,0,0,0,0,0
Black,Male,Texas,0,0,0,6,0,0,0,0
Native American or Alaskan Native,Male,Oklahoma,0,0,1,0,0,0,0,0
Black,Male,Alabama,0,0,2,0,0,0,0,0
Black,Male,Louisiana,0,0,1,0,0,0,0,0
Black,Male,Florida,0,0,0,1,0,0,0,0
White,Male,Oklahoma,0,0,1,0,0,0,0,0
White,Male,Texas,0,0,2,0,0,0,0,0
Black,Male,Texas,0,0,0,0,1,0,0,0
Black,Male,Oklahoma,0,0,1,0,0,0,0,0
Latino/a,Male,Texas,0,0,1,0,0,0,0,0
White,Male,Florida,0,0,1,0,0,0,0,0
Black,Male,Texas,0,0,1,0,0,0,0,0
White,Male,Missouri,0,0,2,0,0,0,0,0
Latino/a,Male,Texas,0,0,1,0,0,0,0,0
White,Male,Virginia,0,0,2,0,0,2,0,0
White,Male,Texas,0,0,2,0,0,0,0,0
White,Male,Oklahoma,0,0,1,0,0,0,0,0
Latino/a,Male,Texas,0,0,1,0,0,0,0,0
Black,Male,Texas,0,0,1,0,0,0,0,0
Latino/a,Male,Texas,0,0,1,0,0,0,0,0
White,Male,Oklahoma,0,0,2,0,0,0,0,0
Black,Male,Texas,0,0,1,0,0,0,0,0
White,Male,Texas,0,0,1,0,0,0,0,0
White,Male,Texas,0,0,2,0,0,0,0,0
White,Male,Florida,0,0,1,0,0,0,0,0
White,Male,Missouri,0,0,3,0,0,0,0,0
Black,Male,Texas,0,0,0,3,0,0,0,0
White,Male,Virginia,0,0,2,0,0,0,0,0
Black,Male,Missouri,0,0,0,1,0,0,0,0
White,Male,Virginia,0,0,1,0,0,0,0,0
White,Male,Texas,0,0,1,0,0,0,0,0
Black,Male,Virginia,0,0,0,0,0,0,0,1
White,Male,Texas,0,0,1,0,0,0,0,0
Black,Male,South Carolina,0,0,1,0,0,0,0,0
White,Male,Arizona,0,0,1,0,0,0,0,0
Black,Male,North Carolina,0,0,1,0,0,0,0,0
Latino/a,Male,Texas,0,0,1,0,0,0,0,0
Black,Male,Texas,0,0,1,0,0,0,0,0
White,Male,Missouri,0,0,1,0,0,0,0,0
Black,Male,Texas,0,0,0,1,0,0,0,0
Black,Male,Delaware,0,0,0,2,0,0,0,0
White,Male,Texas,0,0,1,0,0,0,0,0
White,Male,Texas,0,0,1,0,0,0,0,0
Black,Male,Virginia,0,0,0,1,0,0,0,0
Latino/a,Male,Florida,0,0,1,0,0,0,0,0
White,Male,Texas,0,0,1,0,0,0,0,0
Black,Male,Arkansas,0,0,0,1,0,0,0,0
Black,Male,Oklahoma,0,1,0,1,0,0,0,0
White,Male,Texas,0,1,0,0,1,0,0,0
White,Male,Florida,0,1,1,0,0,0,0,0
Black,Female,Oklahoma,0,1,0,1,0,0,0,0
White,Male,Oklahoma,0,1,1,0,0,0,0,0
Native American or Alaskan Native,Male,Oklahoma,0,1,0,0,1,0,0,0
White,Male,Texas,0,1,1,0,0,0,0,0
White,Male,Oklahoma,0,1,2,0,0,1,0,0
White,Male,Oklahoma,0,1,2,0,0,1,0,0
Black,Male,Texas,0,1,1,0,0,0,0,0
White,Male,Oklahoma,0,1,1,0,0,0,0,0
White,Male,Oklahoma,0,1,1,0,0,0,0,0
White,Male,Missouri,0,1,1,0,0,0,0,0
Latino/a,Male,Texas,0,1,0,0,1,0,0,0
White,Male,Oklahoma,0,1,1,0,0,0,0,0
White,Male,Virginia,0,1,1,0,0,0,0,0
White,Male,Texas,0,1,1,0,0,0,0,0
Black,Male,North Carolina,0,1,0,1,0,0,0,0
White,Male,Indiana,0,1,1,0,0,0,0,0
White,Male,California,0,1,1,0,0,0,0,0
White,Male,Oklahoma,0,1,3,0,0,0,0,0
White,Male,Missouri,0,1,2,0,0,0,0,0
White,Male,Texas,0,1,2,0,0,0,0,0
White,Male,Nevada,0,1,1,0,0,0,0,0
Black,Male,Missouri,0,1,3,0,0,0,0,0
Black,Male,Texas,0,1,0,1,0,0,0,0
White,Male,Delaware,0,1,1,0,0,0,0,0
White,Female,Oklahoma,0,1,1,0,0,0,0,0
White,Male,Arkansas,0,1,5,0,0,0,0,0
Native American or Alaskan Native,Male,Oklahoma,0,1,1,0,0,0,0,0
Black,Male,Missouri,0,1,0,1,0,0,0,0
Black,Male,Delaware,0,1,0,1,0,0,0,0
Black,Male,Oklahoma,0,1,0,1,0,0,0,0
White,Male,Federal,0,1,8,0,0,0,0,0
White,Male,Texas,0,1,1,0,0,0,0,0
Black,Male,Ohio,0,1,0,1,0,0,0,0
Latino/a,Male,Federal,0,1,0,0,3,0,0,0
Black,Male,Texas,0,1,1,0,0,0,0,0
White,Male,Indiana,0,1,2,0,0,0,0,0
Black,Male,Missouri,0,1,1,0,0,0,0,0
White,Male,Texas,0,1,1,0,0,0,0,0
Native American or Alaskan Native,Male,Oklahoma,0,1,0,0,0,0,1,0
White,Male,Texas,0,1,1,0,0,0,0,0
White,Male,Texas,0,1,2,0,0,0,0,0
White,Male,North Carolina,0,1,1,0,0,0,0,0
White,Male,Oklahoma,0,1,2,0,0,0,0,0
White,Male,Washington,0,1,1,0,0,0,0,0
White,Male,North Carolina,0,1,1,0,0,0,0,0
White,Male,Texas,0,1,0,0,1,0,0,0
White,Male,Missouri,0,1,1,0,0,0,0,0
Black,Male,North Carolina,0,1,0,1,0,0,0,0
White,Male,Oklahoma,0,1,1,0,0,0,0,0
White,Male,Virginia,0,1,3,0,0,0,0,0
Black,Male,Texas,0,1,1,0,0,0,0,0
White,Male,Missouri,0,1,1,0,0,0,0,0
White,Male,Georgia,0,1,1,0,0,0,0,0
Black,Male,Georgia,0,1,1,0,0,0,0,0
White,Male,New Mexico,0,1,1,0,0,0,0,0
White,Male,Texas,0,1,1,0,0,0,0,0
White,Male,Georgia,0,1,2,0,0,0,0,0
Black,Male,Texas,0,1,0,1,0,0,0,0
White,Male,North Carolina,0,1,1,0,0,0,0,0
Native American or Alaskan Native,Female,Oklahoma,0,1,1,0,0,0,0,0
Other,Male,Oklahoma,0,1,0,0,0,0,0,2
White,Male,Georgia,0,1,1,0,0,0,0,0
Black,Male,Texas,0,1,1,0,0,0,0,0
White,Male,Missouri,0,2,4,0,0,0,0,0
White,Male,Texas,0,2,1,0,0,0,0,0
Black,Male,Texas,0,2,0,0,1,0,0,0
White,Male,Georgia,0,2,1,0,0,0,0,0
White,Male,California,0,2,1,0,0,0,0,0
White,Male,Oklahoma,0,2,1,0,0,0,0,0
Black,Male,Texas,0,2,0,2,0,0,0,0
White,Male,Oklahoma,0,2,1,0,0,0,0,0
White,Male,Texas,0,2,1,0,0,0,0,0
Black,Male,Missouri,0,2,0,1,0,0,0,0
White,Male,Ohio,0,2,1,0,0,0,0,0
White,Male,Texas,0,2,1,0,0,0,0,0
White,Male,Missouri,0,2,1,0,0,0,0,0
Black,Male,Texas,0,2,0,2,0,0,0,0
White,Male,Georgia,0,2,1,0,0,0,0,0
White,Male,Virginia,0,2,1,0,0,0,0,0
White,Male,Virginia,0,2,2,0,0,0,0,0
White,Male,Missouri,0,2,1,0,0,0,0,0
Latino/a,Male,Texas,0,2,0,0,1,0,0,0
Black,Male,Texas,0,2,1,0,0,0,0,0
White,Male,Texas,0,2,1,0,0,0,0,0
Black,Male,Ohio,0,2,1,0,0,0,0,0
Latino/a,Male,Texas,0,2,0,0,1,0,0,0
White,Male,South Carolina,0,2,0,1,0,0,0,0
Black,Male,Texas,0,2,1,0,0,0,0,0
White,Female,Alabama,0,2,1,0,0,0,0,0
White,Male,Louisiana,0,2,1,0,0,0,0,0
White,Male,Texas,0,2,1,0,0,0,0,0
Latino/a,Male,Texas,0,2,1,0,0,0,0,0
Black,Male,Texas,0,2,1,0,0,0,0,0
White,Male,Texas,0,2,1,0,0,0,0,0
Black,Male,Virginia,0,2,1,0,0,0,0,0
White,Male,Texas,0,2,1,0,0,0,0,0
White,Male,Texas,0,2,5,0,0,0,0,0
Black,Male,Texas,0,2,0,1,0,0,0,0
White,Male,Mississippi,0,2,1,0,0,0,0,0
White,Male,Oklahoma,0,2,1,0,0,0,0,0
White,Male,Oklahoma,0,2,1,0,0,0,0,0
White,Male,Texas,0,2,1,0,0,0,0,0
Black,Male,Texas,0,2,1,0,0,0,0,0
White,Male,Missouri,0,2,1,0,0,0,0,0
Latino/a,Male,Texas,0,2,0,0,1,0,0,0
White,Male,Georgia,0,2,1,0,0,0,0,0
White,Male,Texas,0,2,1,0,0,0,0,0
Black,Male,South Carolina,0,2,1,0,0,0,0,0
Black,Male,Texas,0,2,0,3,0,0,0,0
Black,Male,Texas,0,2,0,2,0,0,0,0
White,Male,South Carolina,0,2,1,0,0,0,0,0
White,Male,Texas,0,2,1,0,0,0,0,0
White,Male,Texas,0,2,1,0,0,0,0,0
White,Male,Texas,0,2,2,0,0,0,0,0
White,Male,Ohio,0,2,1,0,0,0,0,0
Black,Male,Texas,0,2,0,1,0,0,0,0
White,Male,Texas,0,2,1,0,0,0,0,0
Latino/a,Male,Florida,0,2,0,0,1,0,0,0
White,Female,Florida,0,2,1,0,0,0,0,0
White,Male,Georgia,0,2,2,0,0,0,0,0
Other,Male,Virginia,0,2,1,0,0,0,0,0
White,Male,Texas,0,2,1,0,0,0,0,0
White,Male,Missouri,0,2,1,0,0,0,0,0
White,Male,Texas,0,2,2,0,0,0,0,0
Latino/a,Male,Texas,0,2,1,0,1,0,0,0
White,Male,North Carolina,0,2,1,0,0,0,0,0
Black,Male,Florida,0,2,0,1,0,0,0,0
Black,Male,North Carolina,0,2,1,0,0,0,0,0
White,Male,Oklahoma,0,2,4,0,0,0,0,0
White,Male,Mississippi,0,2,1,0,0,0,0,0
White,Male,Texas,0,2,2,0,0,0,0,0
White,Male,Alabama,0,2,1,0,0,0,0,0
White,Male,Oklahoma,0,2,4,0,0,0,0,0
Black,Male,Oklahoma,0,2,1,0,0,0,0,0
White,Male,Texas,0,3,3,0,0,0,0,0
Latino/a,Male,Texas,0,3,0,0,1,0,0,0
White,Male,Oklahoma,0,3,0,0,1,0,0,0
White,Male,Texas,0,3,1,0,0,0,0,0
Black,Male,Texas,0,3,0,0,1,0,0,0
White,Male,Texas,0,3,2,0,0,0,0,0
White,Male,Texas,0,3,1,0,0,0,0,0
Latino/a,Male,Texas,0,3,0,0,1,0,0,0
White,Male,Missouri,0,3,1,0,0,0,0,0
Black,Male,Texas,0,3,0,0,1,0,0,0
White,Male,Ohio,0,3,1,0,0,0,0,0
Black,Male,Oklahoma,0,3,1,0,0,0,0,0
Black,Male,Texas,0,3,0,1,0,0,0,0
Black,Male,Florida,0,3,1,0,0,0,0,0
White,Male,Texas,0,3,1,0,0,0,0,0
White,Male,Alabama,0,3,1,0,0,0,0,0
Black,Male,Federal,0,3,1,0,0,0,0,0
Black,Male,Oklahoma,0,3,0,1,0,0,0,0
Black,Male,Texas,0,3,0,0,0,0,0,1
White,Male,Georgia,0,3,1,0,0,0,0,0
Black,Male,Oklahoma,0,3,0,2,0,0,0,0
White,Male,Texas,0,3,1,0,0,0,0,0
White,Male,Oklahoma,0,3,2,0,0,0,0,0
White,Male,Oklahoma,0,3,1,0,0,0,0,0
White,Male,Virginia,0,3,4,0,0,0,0,0
Black,Male,Oklahoma,0,3,0,1,0,0,0,0
Latino/a,Male,Texas,0,3,0,0,1,0,0,0
White,Male,Alabama,0,3,1,0,0,0,0,0
White,Male,Ohio,0,3,1,0,0,0,0,0
White,Male,Indiana,0,3,2,0,0,0,0,0
White,Male,Georgia,0,3,6,0,0,0,0,0
White,Male,Texas,0,3,1,0,0,0,0,0
White,Male,Texas,0,3,1,0,0,0,0,0
White,Male,Florida,0,3,4,0,0,0,0,0
White,Male,Oklahoma,0,3,2,0,0,0,0,0
Black,Male,Oklahoma,0,3,0,1,0,0,0,0
Black,Male,Texas,0,3,1,0,0,0,0,0
White,Male,Indiana,0,3,3,0,0,0,0,0
Black,Male,Ohio,0,3,0,1,0,0,0,0
White,Male,Oklahoma,0,3,1,0,0,0,0,0
White,Male,Texas,0,3,1,0,0,0,0,0
White,Male,Oklahoma,0,3,1,0,0,0,0,0
Black,Male,Arkansas,0,3,0,3,0,0,0,0
Black,Male,Texas,0,3,0,1,0,0,0,0
Black,Male,Oklahoma,0,3,0,2,0,0,0,0
White,Male,Virginia,0,3,1,0,0,0,0,0
Black,Male,Texas,0,3,1,0,0,0,0,0
White,Male,Oklahoma,0,3,1,0,0,0,0,0
White,Male,Texas,0,3,1,0,0,0,0,0
White,Male,Oklahoma,0,3,2,0,0,0,0,0
White,Male,Alabama,0,3,4,0,0,0,0,0
Black,Male,North Carolina,0,3,0,1,0,0,0,0
White,Male,Florida,0,3,2,0,0,0,0,0
White,Male,Texas,0,3,1,1,0,0,0,0
Native American or Alaskan Native,Male,North Carolina,0,3,0,0,0,0,2,0
White,Male,North Carolina,0,3,1,0,0,0,0,0
White,Male,North Carolina,0,3,1,0,0,0,0,0
White,Male,Missouri,0,3,2,0,0,0,0,0
White,Male,Georgia,0,3,1,0,0,0,0,0
White,Male,North Carolina,0,3,1,0,0,0,0,0
Black,Male,North Carolina,0,3,0,1,0,0,0,0
White,Male,Texas,0,3,2,0,0,0,0,0
White,Male,Texas,0,3,2,0,0,0,0,0
White,Male,Texas,0,3,1,0,0,0,0,0
Black,Male,North Carolina,0,3,1,0,0,0,0,0
Black,Male,Arkansas,0,4,1,0,0,0,0,0
Black,Male,Texas,0,4,1,0,0,0,0,0
White,Male,North Carolina,0,4,1,0,0,0,0,0
Black,Male,Oklahoma,0,4,0,1,0,0,0,0
Black,Male,Ohio,0,4,1,0,0,0,0,0
Black,Male,Texas,0,4,1,0,0,0,0,0
White,Male,Texas,0,4,1,0,0,0,0,0
White,Male,Texas,0,4,1,0,0,0,0,0
White,Male,Ohio,0,4,1,0,0,0,0,0
Black,Male,Florida,0,4,1,0,0,0,0,0
Black,Male,Texas,0,4,0,3,0,0,0,0
Black,Male,Texas,0,4,2,0,0,0,0,0
White,Male,Oklahoma,0,4,1,0,0,0,0,0
White,Male,Texas,0,4,3,0,0,0,0,0
Black,Male,Texas,0,4,1,0,0,0,0,0
White,Male,Oklahoma,0,4,1,0,0,0,0,0
White,Male,Virginia,0,4,1,0,0,0,0,0
White,Male,South Carolina,0,4,1,0,0,0,0,0
Asian,Male,Oklahoma,0,4,0,0,0,1,0,0
White,Male,Nevada,0,4,1,0,0,0,0,0
White,Male,Ohio,0,4,2,0,0,0,0,0
White,Male,Virginia,0,4,1,0,0,0,0,0
White,Male,South Carolina,0,4,1,0,0,0,0,0
White,Male,South Carolina,0,4,1,0,0,0,0,0
Black,Male,Texas,0,4,2,0,0,0,0,0
White,Male,Florida,0,4,1,0,0,0,0,0
White,Male,South Carolina,0,4,2,0,0,0,0,0
White,Male,Ohio,0,4,1,0,0,0,0,0
White,Male,Oklahoma,0,4,1,0,0,0,0,0
White,Male,Maryland,0,4,1,0,0,0,0,0
White,Male,Texas,0,4,1,0,0,0,0,0
White,Male,Georgia,0,4,1,0,0,0,0,0
White,Male,Ohio,0,4,2,0,0,0,0,0
White,Male,Georgia,0,4,1,0,0,0,0,0
White,Male,Ohio,0,4,2,0,0,0,0,0
White,Male,Virginia,0,4,2,0,0,0,0,0
White,Male,Alabama,0,4,1,0,0,0,0,0
White,Male,Nevada,0,4,1,0,0,0,0,0
White,Male,Virginia,0,4,3,0,0,0,0,0
White,Male,Texas,0,4,2,0,0,0,0,0
White,Male,Oklahoma,0,4,1,0,0,0,0,0
Black,Male,Texas,0,4,1,0,0,0,0,0
Black,Male,Virginia,0,4,0,1,0,0,0,0
Latino/a,Male,Texas,0,4,0,0,1,0,0,0
White,Male,Alabama,0,4,1,0,0,0,0,0
Black,Male,Texas,0,4,0,2,0,0,0,0
Latino/a,Male,Texas,0,4,1,0,0,0,0,0
Black,Male,North Carolina,0,4,0,1,0,0,0,0
White,Male,Texas,0,4,0,0,1,0,0,0
Black,Male,Ohio,0,4,1,0,0,0,0,0
White,Male,Texas,0,4,1,0,0,0,0,0
White,Male,North Carolina,0,4,2,0,0,0,0,0
Black,Male,Texas,0,4,0,1,0,0,0,0
Black,Male,Texas,0,4,0,1,0,0,0,0
White,Male,Texas,0,4,1,0,0,0,0,0
Black,Male,Texas,0,4,1,0,0,0,0,0
Black,Male,Texas,0,4,0,0,1,0,0,0
White,Male,North Carolina,0,4,1,0,0,0,0,0
Latino/a,Male,Texas,0,4,1,0,0,0,0,0
White,Male,Texas,0,5,0,0,1,0,0,0
White,Male,California,0,5,2,0,0,0,0,0
White,Male,Georgia,0,5,1,0,0,0,0,0
White,Male,Texas,0,5,1,0,0,0,0,0
White,Male,Texas,0,5,4,0,0,0,0,0
White,Male,Georgia,0,5,1,0,0,0,0,0
Black,Male,Ohio,0,5,0,1,0,0,0,0
White,Male,Texas,0,5,1,0,0,0,0,0
White,Male,Indiana,0,5,4,0,0,0,0,0
White,Male,North Carolina,0,5,1,0,0,0,0,0
White,Male,Oklahoma,0,5,2,0,0,0,0,0
Black,Male,Missouri,0,5,1,0,0,0,0,0
White,Male,Florida,0,5,1,0,0,0,0,0
White,Male,South Carolina,0,5,2,0,0,0,0,0
White,Male,Texas,0,5,0,0,1,0,0,0
White,Male,Indiana,0,5,1,0,0,0,0,0
Black,Male,Missouri,0,5,0,1,0,0,0,0
White,Male,Alabama,0,5,1,0,0,0,0,0
White,Male,Texas,0,5,1,0,0,0,0,0
Black,Male,North Carolina,0,5,0,3,0,0,0,0
Black,Male,Oklahoma,0,5,1,0,0,0,0,0
White,Male,Connecticut,0,5,4,0,0,0,0,0
Black,Male,Missouri,0,5,0,1,0,0,0,0
Black,Male,Texas,0,5,0,1,0,0,0,0
White,Male,Texas,0,5,0,0,1,0,0,0
White,Male,Indiana,0,5,1,0,0,0,0,0
White,Male,Alabama,0,5,1,0,0,0,0,0
Latino/a,Male,Texas,0,5,1,0,0,0,0,0
White,Male,Georgia,0,5,1,0,0,0,0,0
Black,Male,Oklahoma,0,5,1,0,0,0,0,0
White,Male,Indiana,0,5,3,0,0,0,0,0
Latino/a,Male,Texas,0,5,1,0,0,0,0,0
White,Male,Alabama,0,5,1,0,0,0,0,0
Black,Male,Texas,0,5,1,0,0,0,0,0
Black,Male,Oklahoma,0,5,0,1,0,0,0,0
White,Male,Texas,0,5,1,0,0,0,0,0
White,Male,Missouri,0,5,1,0,0,0,0,0
Black,Female,Texas,0,5,0,3,0,0,0,0
White,Male,Alabama,0,5,3,0,0,0,0,0
White,Male,Ohio,0,5,1,0,0,0,0,0
White,Male,Indiana,0,5,1,0,0,0,0,0
Black,Male,Texas,0,5,1,0,0,0,0,0
Latino/a,Male,Texas,0,5,0,0,1,0,0,0
Black,Male,Ohio,0,5,3,1,0,0,0,0
Black,Male,Missouri,0,5,1,0,0,0,0,0
White,Male,Texas,0,5,1,0,0,0,0,0
White,Male,Delaware,0,5,1,0,0,0,0,0
Black,Male,South Carolina,0,5,4,0,0,0,0,0
White,Male,Texas,0,5,1,0,0,0,0,0
White,Male,North Carolina,0,5,2,0,0,0,0,0
White,Male,Texas,0,5,1,0,1,0,0,0
Black,Male,Texas,0,5,1,0,2,0,0,0
Other,Male,North Carolina,0,5,0,0,0,0,0,1
White,Male,Arkansas,0,5,1,0,0,0,0,0
Black,Male,Ohio,0,5,0,2,0,0,0,0
White,Male,North Carolina,0,5,2,0,0,0,0,0
White,Male,South Carolina,0,5,1,0,0,0,0,0
Black,Male,Maryland,0,5,1,0,0,0,0,0
Black,Male,California,0,5,1,0,0,3,0,0
White,Male,Mississippi,0,5,1,0,0,0,0,0
Native American or Alaskan Native,Male,California,0,6,3,0,0,0,0,0
Black,Male,North Carolina,0,6,1,0,0,0,0,0
Black,Male,Texas,0,6,0,0,3,0,0,0
White,Male,Indiana,0,6,2,0,0,0,0,0
Latino/a,Male,Texas,0,6,0,0,2,0,0,0
White,Male,Ohio,0,6,2,0,0,0,0,0
White,Male,Texas,0,6,0,0,0,0,1,0
Black,Male,Texas,0,6,1,0,0,0,0,0
Black,Male,Texas,0,6,0,1,0,0,0,0
White,Male,North Carolina,0,6,1,0,0,0,0,0
Latino/a,Male,Texas,0,6,0,0,1,0,0,0
Black,Male,Texas,0,6,0,1,0,0,0,0
White,Male,Oklahoma,0,6,3,0,0,0,0,0
Black,Male,North Carolina,0,6,0,1,0,0,0,0
Black,Male,Nevada,0,6,1,0,0,0,0,0
Black,Male,Virginia,0,6,1,0,0,0,0,0
Black,Male,Ohio,0,6,1,0,0,0,0,0
Latino/a,Male,Texas,0,6,1,0,0,0,0,0
Black,Male,Texas,0,6,2,0,0,0,0,0
Latino/a,Male,Texas,0,6,0,0,2,0,0,0
White,Male,Oklahoma,0,6,1,0,0,0,0,0
White,Male,Texas,0,6,1,0,0,0,0,0
Black,Male,Texas,0,6,0,3,0,0,0,0
Latino/a,Male,Texas,0,6,0,0,1,0,0,0
White,Male,Tennessee,0,6,1,0,0,0,0,0
Black,Male,Texas,0,6,2,0,0,0,0,0
White,Male,Ohio,0,6,1,0,0,0,0,0
White,Male,South Carolina,0,6,0,1,0,0,0,0
Black,Male,Texas,0,6,1,0,0,0,0,0
White,Male,Texas,0,6,1,0,0,0,0,0
White,Male,Virginia,0,6,0,1,0,0,0,0
White,Male,Virginia,0,6,1,0,0,0,0,0
Black,Male,Texas,0,6,0,1,0,0,0,0
White,Male,Ohio,0,6,3,0,0,0,0,0
White,Male,Montana,0,6,3,0,0,0,0,0
Latino/a,Male,Texas,0,6,1,0,0,0,0,0
White,Male,North Carolina,0,6,1,0,0,0,0,0
Black,Male,Texas,0,6,1,0,0,0,0,0
Black,Male,Oklahoma,0,6,1,0,0,0,0,0
White,Male,Oklahoma,0,6,1,0,0,0,0,0
Black,Male,Texas,0,6,2,0,0,0,0,0
Black,Male,Texas,0,6,0,1,0,0,0,0
Black,Male,Florida,0,6,1,0,0,0,0,0
White,Male,Florida,0,6,1,0,0,0,0,0
White,Male,Mississippi,0,6,2,0,0,0,0,0
White,Male,Ohio,0,6,5,0,0,0,0,0
White,Male,Florida,0,6,4,0,1,0,0,0
White,Male,Texas,0,6,3,0,0,0,0,0
White,Male,Alabama,0,6,1,0,0,0,0,0
Black,Male,Texas,0,6,0,1,0,0,0,0
Black,Male,Texas,0,6,0,0,1,0,0,0
White,Male,Virginia,0,6,0,1,0,0,0,0
Latino/a,Male,Florida,0,6,1,0,0,0,0,0
Black,Male,Oklahoma,0,7,4,0,0,0,0,0
Latino/a,Male,Texas,0,7,0,0,2,0,0,0
White,Male,Texas,0,7,0,0,1,0,0,0
White,Male,Texas,0,7,2,0,0,0,0,0
Black,Male,Texas,0,7,0,3,0,0,0,0
White,Male,Texas,0,7,2,0,0,0,0,0
White,Male,Texas,0,7,2,0,0,0,0,0
Latino/a,Male,Texas,0,7,0,0,2,0,0,0
Black,Male,Texas,0,7,1,0,0,0,0,0
Black,Male,Texas,0,7,0,0,0,1,0,0
Latino/a,Male,Texas,0,7,0,0,1,0,0,0
White,Male,Texas,0,7,0,0,2,0,0,0
White,Male,Texas,0,7,1,0,0,0,0,0
White,Male,Ohio,0,7,1,0,0,0,0,0
White,Male,Texas,0,7,2,0,0,0,0,0
Black,Male,Alabama,0,7,2,0,0,0,0,0
White,Male,Indiana,0,7,0,0,1,0,0,0
White,Male,Tennessee,0,7,1,0,0,0,0,0
White,Male,Texas,0,7,1,0,0,0,0,0
White,Male,Arizona,0,7,1,0,0,0,0,0
White,Male,Ohio,0,7,1,0,0,0,0,0
White,Male,Texas,0,7,1,0,0,0,0,0
White,Male,Indiana,0,7,1,0,0,0,0,0
Latino/a,Male,Texas,0,7,0,0,0,1,0,0
Latino/a,Male,Texas,0,7,0,0,1,0,0,0
Black,Male,South Carolina,0,7,1,0,0,0,0,0
Black,Male,Georgia,0,7,0,3,0,0,0,0
White,Male,Oklahoma,0,7,1,0,0,0,0,0
White,Male,Texas,0,7,2,0,0,0,0,0
White,Male,South Dakota,0,7,1,0,0,0,0,0
Black,Male,Texas,0,7,2,0,0,0,0,0
Black,Male,Alabama,0,7,1,0,0,0,0,0
Black,Male,Texas,0,7,1,0,0,0,0,0
White,Male,Oklahoma,0,7,1,0,0,0,0,0
Black,Male,Texas,0,7,0,0,0,1,0,0
Black,Male,Alabama,0,7,1,0,0,0,0,0
Black,Male,Texas,0,7,4,0,0,0,0,0
Latino/a,Male,Texas,0,7,1,0,0,0,0,0
White,Male,Texas,0,7,1,0,0,0,0,0
White,Male,Tennessee,0,7,3,1,0,0,0,0
White,Male,Texas,0,7,3,0,0,0,0,0
Black,Male,Texas,0,7,1,0,0,0,0,0
White,Male,Georgia,0,8,1,0,0,0,0,0
White,Male,Mississippi,0,8,1,0,0,0,0,0
Black,Male,Virginia,0,8,1,0,0,0,0,0
Black,Male,Georgia,0,8,0,2,0,0,0,0
White,Male,South Carolina,0,8,2,1,0,0,0,0
White,Male,Texas,0,8,1,0,0,0,0,0
White,Male,Oklahoma,0,8,0,0,0,1,0,0
Black,Male,South Carolina,0,8,0,2,0,0,0,0
Black,Male,Virginia,0,8,1,0,0,0,0,0
White,Male,Florida,0,8,0,0,1,0,0,0
Black,Male,Texas,0,8,0,2,0,0,0,0
Black,Male,Virginia,0,8,1,0,0,0,0,0
White,Male,Mississippi,0,8,1,0,0,0,0,0
Black,Male,Texas,0,8,0,2,0,0,0,0
White,Male,Virginia,0,8,1,0,0,0,0,0
Black,Male,Texas,0,8,1,0,0,0,0,0
Latino/a,Male,Texas,0,8,2,0,0,0,0,0
Latino/a,Male,Texas,0,8,1,0,0,0,0,0
Black,Male,Texas,0,8,2,0,0,0,0,0
Latino/a,Male,Texas,0,8,1,0,0,0,0,0
White,Male,Georgia,0,8,1,0,0,0,0,0
White,Male,Texas,0,8,1,0,0,0,0,0
Black,Male,Florida,0,8,0,2,0,0,0,0
White,Male,Oklahoma,0,8,1,0,0,0,0,0
White,Male,Ohio,0,8,2,0,0,0,0,0
White,Male,Texas,0,8,3,0,0,0,0,0
Black,Male,Texas,0,8,0,0,0,3,0,0
White,Male,Texas,0,8,1,0,0,0,0,0
White,Male,Texas,0,8,1,0,0,0,0,0
White,Male,Texas,0,8,1,0,0,0,0,0
Black,Male,Texas,0,8,0,1,0,0,0,0
Black,Male,Texas,0,8,0,1,0,0,0,0
Black,Male,Texas,0,8,1,0,0,0,0,0
Black,Male,Ohio,0,8,1,0,0,0,0,0
Black,Male,Texas,0,8,0,1,0,0,0,0
White,Male,Kentucky,0,8,2,0,0,0,0,0
Black,Male,South Carolina,0,8,1,0,0,0,0,0
Black,Male,Texas,0,9,0,3,0,0,0,0
White,Male,Alabama,0,9,1,0,0,0,0,0
Black,Male,Texas,0,9,0,2,0,0,0,0
Black,Male,Oklahoma,0,9,1,0,0,0,0,0
Black,Male,Texas,0,9,0,1,0,0,0,0
Latino/a,Male,Texas,0,9,0,0,4,0,0,0
Latino/a,Male,Texas,0,9,0,0,1,0,0,0
White,Male,Tennessee,0,9,2,0,0,0,0,0
Latino/a,Male,Texas,0,9,0,0,2,0,0,0
Black,Male,Texas,0,9,0,1,0,0,0,0
White,Male,Florida,0,9,1,0,0,0,0,0
White,Male,Alabama,0,9,1,0,0,0,0,0
Black,Male,Texas,0,9,0,1,0,0,0,0
Black,Male,Virginia,0,9,1,0,0,0,0,0
White,Male,South Carolina,0,9,2,0,0,0,0,0
Black,Male,Texas,0,9,1,0,0,0,0,0
Black,Male,Texas,0,9,1,0,0,0,0,0
White,Male,Georgia,0,9,1,0,0,0,0,0
Latino/a,Male,Texas,0,9,2,0,0,0,0,0
Latino/a,Male,Texas,0,9,0,0,1,0,0,0
Latino/a,Male,Texas,0,9,0,1,0,0,0,0
Black,Male,Alabama,0,9,0,1,0,0,0,0
White,Male,Georgia,0,9,1,0,0,0,0,0
Black,Male,Texas,0,9,0,1,0,0,0,0
Black,Male,South Carolina,0,9,2,0,0,0,0,0
Black,Male,Alabama,0,9,1,0,0,0,0,0
White,Male,Oklahoma,0,9,1,0,0,0,0,0
Black,Male,Texas,0,9,1,0,0,0,0,0
White,Male,Missouri,0,9,1,0,0,0,0,0
White,Male,Texas,0,9,2,0,0,0,0,0
White,Male,Ohio,0,9,1,0,0,0,0,0
White,Male,Alabama,0,9,1,0,0,0,0,0
White,Male,Oklahoma,0,9,2,0,0,0,0,0
White,Male,Ohio,0,9,1,0,0,0,0,0
Black,Male,Ohio,0,9,2,3,0,0,0,0
White,Male,Ohio,0,9,1,0,0,0,0,0
White,Male,Florida,0,9,1,0,0,0,0,0
White,Male,Texas,0,9,1,0,0,0,0,0
Black,Male,Texas,0,9,0,0,3,0,0,0
White,Male,Alabama,0,9,1,0,0,0,0,0
White,Male,Georgia,0,9,1,0,0,0,0,0
Black,Male,Texas,0,9,0,0,1,0,0,0
Black,Male,Texas,0,9,1,0,0,0,0,0
Latino/a,Male,Texas,0,9,0,0,1,0,0,0
Black,Male,Virginia,0,9,1,0,0,0,0,0
White,Male,Virginia,0,9,1,0,0,0,0,0
Black,Male,Texas,0,9,1,0,0,0,0,0
Black,Male,Texas,0,9,0,0,0,0,0,1
Black,Male,Tennessee,0,9,0,3,0,0,0,0
White,Male,Texas,0,9,1,0,0,0,0,0
White,Male,Ohio,0,9,1,0,0,0,0,0
White,Male,Indiana,0,9,3,0,0,0,0,0
White,Male,Louisiana,0,10,1,0,0,0,0,0
Black,Male,Ohio,0,10,1,0,0,0,0,0
Black,Male,Texas,0,10,1,0,0,0,0,0
White,Male,Texas,0,10,2,0,0,0,0,0
Black,Male,Oklahoma,0,10,0,2,0,0,0,0
Black,Male,Ohio,0,10,1,0,0,0,0,0
White,Male,Florida,0,10,1,0,0,0,0,0
Latino/a,Male,Texas,0,10,0,0,2,0,0,0
White,Male,Texas,0,10,0,0,1,0,0,0
White,Male,Ohio,0,10,1,0,0,0,0,0
White,Male,Virginia,0,10,1,0,0,0,0,0
Black,Male,Texas,0,10,0,1,0,0,0,0
Black,Male,Ohio,0,10,1,0,0,0,0,0
White,Male,Texas,0,10,0,0,1,0,0,0
Latino/a,Male,Texas,0,10,0,0,1,0,0,0
White,Male,Texas,0,10,1,0,0,0,0,0
White,Male,Ohio,0,10,1,0,0,0,0,0
White,Male,Texas,0,10,1,0,0,0,0,0
White,Male,Mississippi,0,10,1,0,0,0,0,0
Latino/a,Male,Texas,0,10,0,0,1,0,0,0
White,Male,Mississippi,0,10,1,0,0,0,0,0
Black,Male,Virginia,0,10,0,2,0,0,0,0
Latino/a,Male,Texas,0,10,0,0,1,0,0,0
White,Male,Alabama,0,10,1,0,0,0,0,0
Black,Male,Texas,0,10,0,1,0,0,0,0
White,Male,Georgia,0,10,2,0,0,0,0,0
White,Male,Alabama,0,10,1,0,0,0,0,0
White,Male,Texas,0,10,0,0,1,0,0,0
White,Male,Utah,0,10,1,0,0,0,0,0
White,Male,Texas,0,10,1,0,0,0,0,0
Black,Male,Ohio,0,10,0,5,0,0,0,0
Black,Male,Texas,0,10,2,0,0,0,0,0
White,Male,Mississippi,0,10,1,0,0,0,0,0
Black,Male,Ohio,0,10,1,1,0,0,0,0
White,Male,Alabama,0,10,1,0,0,0,0,0
Latino/a,Male,Texas,0,10,2,0,0,0,0,0
Black,Male,Alabama,0,10,0,1,0,0,0,0
White,Male,Washington,0,10,1,0,0,0,0,0
White,Female,Virginia,0,10,2,0,0,0,0,0
White,Male,Georgia,0,10,3,0,0,0,0,0
White,Male,Ohio,0,10,1,0,0,0,0,0
White,Male,Oklahoma,0,10,0,0,0,1,0,0
Black,Male,Texas,0,10,0,2,0,0,0,0
Native American or Alaskan Native,Male,Arizona,0,10,1,0,0,0,0,0
White,Male,Alabama,0,10,1,0,0,0,0,0
White,Male,Oklahoma,0,10,1,0,0,0,0,0
Black,Male,Oklahoma,0,11,1,0,0,0,0,0
White,Male,Oklahoma,0,11,1,0,0,0,0,0
Black,Male,Alabama,0,11,0,1,0,0,0,0
Black,Male,Georgia,0,11,1,0,0,0,0,0
White,Male,Missouri,0,11,1,0,0,0,0,0
White,Male,Texas,0,11,1,0,0,0,0,0
White,Male,Ohio,0,11,1,2,0,0,0,0
Black,Male,Texas,0,11,0,1,0,0,0,0
Black,Male,Ohio,0,11,0,0,0,1,0,0
Black,Male,Arizona,0,11,2,0,0,0,0,0
White,Male,Alabama,0,11,2,0,0,0,0,0
Black,Male,Ohio,0,11,0,1,0,0,0,0
White,Male,Texas,0,11,1,0,0,0,0,0
White,Male,South Carolina,0,11,1,0,0,0,0,0
White,Male,Mississippi,0,11,4,0,0,0,0,0
Black,Male,Mississippi,0,11,1,0,0,0,0,0
White,Male,Ohio,0,11,2,0,0,0,0,0
White,Male,Alabama,0,11,4,0,0,0,0,0
White,Male,Arizona,0,11,1,0,0,0,0,0
Black,Male,Texas,0,11,1,0,0,0,0,0
Black,Male,Alabama,0,11,1,0,0,0,0,0
White,Male,Texas,0,11,0,1,0,0,0,0
Black,Male,Texas,0,11,1,1,0,0,0,0
White,Male,Georgia,0,11,1,0,0,0,0,0
White,Male,Arizona,0,11,1,0,0,0,0,0
Latino/a,Male,Texas,0,11,0,0,1,0,0,0
White,Male,Arizona,0,11,1,0,0,0,0,0
White,Male,Texas,0,11,0,0,0,1,0,0
White,Male,Georgia,0,11,3,0,0,0,0,0
White,Male,Delaware,0,11,1,0,0,0,0,0
Latino/a,Male,Texas,0,11,0,0,2,0,0,0
Black,Male,Virginia,0,11,1,0,0,0,0,0
White,Male,Texas,0,11,2,0,0,0,0,0
Black,Male,Georgia,0,11,1,0,0,0,0,0
White,Male,Texas,0,11,0,1,0,0,0,0
Black,Male,Alabama,0,11,1,0,0,0,0,0
Latino/a,Male,Florida,0,11,0,0,1,0,0,0
White,Male,Alabama,0,11,1,0,0,0,0,0
Latino/a,Male,Texas,0,11,0,0,1,0,0,0
White,Male,Florida,0,11,3,0,0,0,0,0
Black,Male,Ohio,0,11,0,3,0,0,0,0
Latino/a,Male,Texas,0,11,0,0,1,0,0,0
White,Male,Idaho,0,11,2,0,0,0,0,0
White,Male,Oklahoma,0,12,1,0,0,0,0,0
Latino/a,Male,Texas,0,12,1,0,0,0,0,0
White,Male,Mississippi,0,12,0,2,0,0,0,0
White,Male,Florida,0,12,1,0,0,0,0,0
White,Male,Arizona,0,12,1,0,0,0,0,0
Latino/a,Male,Texas,0,12,1,0,0,0,0,0
White,Male,Texas,0,12,2,0,0,0,0,0
White,Male,Arizona,0,12,1,0,0,0,0,0
White,Male,Oklahoma,0,12,1,0,0,0,0,0
White,Male,Mississippi,0,12,1,0,0,0,0,0
Black,Male,Mississippi,0,12,1,0,0,0,0,0
Latino/a,Male,Texas,0,12,0,0,1,0,0,0
White,Male,Florida,0,12,1,0,0,0,0,0
White,Male,Ohio,0,12,1,0,0,0,0,0
Black,Male,Delaware,0,12,0,1,0,0,0,0
White,Male,Arizona,0,12,0,0,1,0,0,0
Black,Male,Texas,0,12,1,0,0,0,0,0
White,Male,Oklahoma,0,12,1,0,0,0,0,0
Black,Male,Mississippi,0,12,0,4,0,0,0,0
White,Male,Idaho,0,12,1,0,0,0,0,0
White,Male,Mississippi,0,12,4,0,0,0,0,0
White,Male,Mississippi,0,12,1,0,0,0,0,0
Latino/a,Male,Arizona,0,12,0,0,1,0,0,0
Black,Male,Texas,0,12,1,0,0,0,0,0
Black,Male,Texas,0,12,0,1,0,0,0,0
White,Male,Arizona,0,12,1,0,1,0,0,0
White,Male,Oklahoma,0,12,3,0,0,0,0,0
White,Male,Ohio,0,12,2,0,0,0,0,0
Black,Male,Texas,0,12,1,0,1,0,0,0
White,Male,Texas,0,12,0,1,0,0,0,0
Black,Male,Texas,0,12,1,0,0,0,0,0
White,Male,South Dakota,0,12,1,0,0,0,0,0
White,Male,Texas,0,12,1,0,0,0,0,0
White,Male,South Dakota,0,12,1,0,0,0,0,0
White,Male,Texas,0,12,1,0,0,0,0,0
Black,Male,Oklahoma,0,12,0,1,0,0,0,0
Black,Male,Texas,0,12,1,0,0,0,0,0
White,Male,Ohio,0,12,1,0,0,0,0,0
Latino/a,Male,Texas,0,12,0,0,1,0,0,0
Black,Male,Texas,0,12,0,2,0,0,0,0
Latino/a,Male,Oklahoma,0,12,0,0,2,0,0,0
White,Male,Arizona,0,12,2,0,0,0,0,0
Latino/a,Male,Florida,0,12,1,0,8,0,0,0
White,Male,Virginia,0,13,1,1,0,0,0,0
White,Male,Georgia,0,13,2,0,0,0,0,0
Black,Male,Texas,0,13,0,1,0,0,0,0
White,Male,Ohio,0,13,0,1,0,0,0,0
White,Male,Oklahoma,0,13,1,0,0,0,0,0
Black,Male,Texas,0,13,1,0,0,0,0,0
White,Male,Florida,0,13,1,0,0,0,0,0
Black,Male,Texas,0,13,0,1,0,0,0,0
White,Male,Texas,0,13,1,0,0,0,0,0
White,Male,Ohio,0,13,1,0,0,0,0,0
Black,Male,Texas,0,13,0,0,1,0,0,0
Black,Male,Texas,0,13,1,0,0,0,0,0
White,Male,Florida,0,13,1,0,0,0,0,0
White,Male,Florida,0,13,1,0,0,0,0,0
Black,Male,Texas,0,13,1,0,0,0,0,0
White,Male,Oklahoma,0,13,2,0,0,0,0,0
Black,Male,Oklahoma,0,13,0,1,0,0,0,0
Black,Female,Texas,0,13,1,0,0,0,0,0
Latino/a,Male,Texas,0,13,1,0,0,0,0,0
Black,Male,Texas,0,13,1,1,0,0,0,0
White,Male,Alabama,0,13,1,0,0,0,0,0
White,Male,Texas,0,13,1,0,1,0,0,0
Black,Male,Florida,0,13,2,6,0,0,0,0
Black,Male,Oklahoma,0,13,0,0,0,1,0,0
Latino/a,Male,Texas,0,13,0,0,4,0,0,0
White,Male,Ohio,0,13,1,1,0,0,0,0
Latino/a,Male,Texas,0,13,1,0,0,0,0,0
White,Male,Florida,0,13,1,0,0,0,0,0
White,Male,Arizona,0,13,1,0,0,0,0,0
White,Male,Texas,0,13,2,0,0,0,0,0
White,Male,Florida,0,13,1,0,0,0,0,0
White,Male,Arizona,0,13,6,0,0,0,0,0
Black,Male,Florida,0,13,1,0,0,0,0,0
White,Male,Texas,0,13,1,0,0,0,0,0
White,Male,Missouri,0,13,1,0,0,0,0,0
White,Male,Texas,0,13,1,0,0,0,0,0
Black,Male,Oklahoma,0,13,2,0,0,0,0,0
White,Male,Missouri,0,13,1,0,0,0,0,0
White,Male,Oklahoma,0,13,1,0,0,0,0,0
Black,Male,Florida,0,14,1,0,0,0,0,0
Black,Male,Oklahoma,0,14,1,0,0,0,0,0
White,Male,Ohio,0,14,1,0,0,0,0,0
Latino/a,Male,Texas,0,14,1,0,0,0,0,0
White,Male,Oklahoma,0,14,1,0,0,0,0,0
Black,Male,Missouri,0,14,1,0,0,0,0,0
White,Female,Texas,0,14,1,0,0,0,0,0
Latino/a,Male,Florida,0,14,1,0,0,0,0,0
Black,Male,Florida,0,14,1,0,0,0,0,0
Black,Male,Missouri,0,14,1,0,0,0,0,0
Black,Male,Texas,0,14,0,0,1,0,0,0
Black,Male,Florida,0,14,1,1,0,0,0,0
White,Male,Missouri,0,14,1,0,0,0,0,0
Black,Male,Texas,0,14,0,0,0,1,0,0
White,Male,Texas,0,14,1,0,0,0,0,0
Latino/a,Male,Texas,0,14,1,0,0,0,0,0
Latino/a,Male,Texas,0,14,0,0,3,0,0,0
White,Male,Florida,0,14,2,0,0,0,0,0
White,Male,Missouri,0,14,1,0,0,0,0,0
Black,Male,Oklahoma,0,14,1,0,0,0,0,0
Black,Male,Georgia,0,14,0,1,0,0,0,0
Black,Male,Florida,0,14,1,0,0,0,0,0
Black,Male,Missouri,0,14,0,2,0,0,0,0
White,Male,Florida,0,14,1,0,0,0,0,0
White,Male,Missouri,0,14,3,0,0,0,0,0
White,Male,Arizona,0,14,2,0,0,0,0,0
White,Male,Missouri,0,14,1,0,0,0,0,0
Black,Male,Missouri,0,14,2,0,0,0,0,0
Black,Male,Texas,0,14,0,2,0,0,0,0
Black,Female,Texas,0,14,0,1,0,0,0,0
Latino/a,Male,Texas,0,14,1,0,2,0,0,0
Black,Male,Florida,0,14,0,1,0,0,0,0
Black,Male,Missouri,0,14,1,0,0,0,0,0
Black,Male,Georgia,0,14,1,0,0,0,0,0
White,Male,Missouri,0,14,1,0,0,0,0,0
White,Male,Georgia,0,15,1,0,0,0,0,0
White,Male,Florida,0,15,1,0,0,0,0,0
Black,Male,Oklahoma,0,15,0,1,0,0,0,0
Latino/a,Male,Texas,0,15,1,0,2,0,0,0
Black,Male,Georgia,0,15,1,0,0,0,0,0
Black,Male,Texas,0,15,1,0,0,0,0,0
White,Male,Texas,0,15,1,0,0,0,0,0
White,Male,Missouri,0,15,1,0,0,0,0,0
Latino/a,Male,Texas,0,15,0,0,1,0,0,0
White,Male,Missouri,0,15,1,0,0,0,0,0
White,Male,Texas,0,15,1,0,1,0,0,0
Black,Male,Missouri,0,15,0,1,0,0,0,0
Latino/a,Male,Texas,0,15,0,0,1,0,0,0
Black,Male,Texas,0,15,0,3,0,0,0,0
White,Male,Texas,0,15,4,0,0,0,0,0
Black,Male,Missouri,0,15,0,2,0,0,0,0
Black,Male,Texas,0,15,1,0,0,0,0,0
White,Male,Missouri,0,15,1,0,0,0,0,0
Latino/a,Male,Texas,0,15,1,0,0,0,0,0
Black,Male,Missouri,0,15,1,0,0,0,0,0
White,Female,Georgia,0,15,1,0,0,0,0,0
Latino/a,Male,Virginia,0,15,2,0,0,0,0,0
Latino/a,Male,Texas,0,15,0,0,1,0,0,0
Latino/a,Male,Texas,0,15,1,0,0,0,0,0
White,Male,Florida,0,15,4,0,0,0,0,0
Black,Male,Texas,0,15,0,3,0,0,0,0
White,Male,Georgia,0,15,1,0,0,0,0,0
Black,Male,Georgia,0,15,0,1,0,0,0,0
White,Male,Florida,0,16,1,0,0,0,0,0
White,Male,Texas,0,16,1,0,0,0,0,0
White,Male,Alabama,0,16,1,0,0,0,0,0
White,Male,Texas,0,16,1,0,0,0,0,0
Black,Male,Georgia,0,16,1,0,0,0,0,0
Latino/a,Male,Texas,0,16,1,0,0,0,0,0
White,Male,Georgia,0,16,1,0,0,0,0,0
White,Male,Texas,0,16,1,0,1,0,0,0
White,Male,Texas,0,16,1,0,0,0,0,0
White,Male,Georgia,0,16,1,0,0,0,0,0
Latino/a,Male,Texas,0,16,0,0,1,0,0,0
Black,Male,Georgia,0,16,1,0,0,0,0,0
White,Male,Georgia,0,16,3,0,0,0,0,0
White,Male,Missouri,0,16,3,0,0,0,0,0
White,Male,Georgia,0,16,1,0,0,0,0,0
White,Male,Texas,0,16,2,0,0,0,0,0
White,Male,Georgia,0,16,1,0,0,0,0,0
White,Male,Georgia,0,16,1,0,0,0,0,0
White,Male,Georgia,0,16,1,0,0,0,0,0
White,Male,Alabama,0,16,1,0,0,0,0,0
White,Male,Texas,0,17,0,1,1,0,0,0
Black,Male,Virginia,0,17,2,0,0,0,0,0
Black,Male,Texas,0,17,2,0,0,0,0,0
White,Male,Missouri,0,17,3,0,0,0,0,0
Latino/a,Male,Texas,0,17,0,0,1,0,0,0
White,Male,Texas,0,17,2,0,0,0,0,0
Black,Male,Arkansas,0,17,1,0,0,0,0,0
White,Male,Arkansas,0,17,1,0,0,0,0,0
Black,Male,Arkansas,0,17,1,0,0,0,0,0
Black,Male,Arkansas,0,17,1,0,0,0,0,0
White,Male,Georgia,0,17,1,0,0,0,0,0
White,Male,Alabama,0,17,1,0,0,0,0,0
Black,Male,Alabama,0,17,1,2,0,0,0,0
White,Male,Virginia,0,17,1,1,0,0,0,0
White,Male,Ohio,0,17,1,0,0,0,0,0
Black,Male,Texas,0,17,1,0,0,0,0,0
White,Male,Florida,0,17,1,1,0,0,0,0
White,Male,Ohio,0,17,2,0,0,0,0,0
White,Male,Florida,0,17,2,0,0,0,0,0
White,Male,Texas,0,17,1,0,0,0,0,0
Black,Male,Alabama,0,17,0,1,0,0,0,0
White,Male,Florida,0,17,2,0,0,0,0,0
Latino/a,Male,Texas,0,17,0,0,1,0,0,0
White,Male,Texas,0,18,0,0,1,0,0,0
Black,Male,Texas,0,18,0,1,0,0,0,0
White,Male,Texas,0,18,2,0,0,0,0,0
White,Male,Florida,0,18,1,0,0,0,0,0
White,Male,Alabama,0,18,1,0,0,0,0,0
Black,Male,Georgia,0,18,3,0,0,0,0,0
Latino/a,Male,Texas,0,18,1,0,0,0,0,0
White,Male,Alabama,0,18,1,0,0,0,0,0
Black,Male,Texas,0,18,0,2,0,0,0,0
Black,Male,Georgia,0,18,0,1,0,0,0,0
Latino/a,Male,Texas,0,18,0,0,1,0,0,0
White,Male,Texas,0,18,1,0,0,0,0,0
Black,Male,Texas,0,18,0,0,0,1,0,0
White,Male,Ohio,0,18,1,0,0,0,0,0
White,Male,Tennessee,0,18,1,0,0,0,0,0
White,Male,Nebraska,0,18,2,0,0,0,0,0
White,Male,Texas,0,18,1,0,0,0,0,0
White,Male,Texas,0,18,1,0,0,0,0,0
White,Male,South Dakota,0,18,1,0,0,0,0,0
White,Male,Tennessee,0,18,2,0,0,0,0,0
Latino/a,Male,Texas,0,18,0,0,3,0,0,0
Latino/a,Male,Texas,0,18,1,0,0,0,0,0
White,Male,Tennessee,0,18,1,0,0,0,0,0
Black,Male,Texas,0,18,1,0,0,0,0,0
Latino/a,Male,Florida,0,18,1,0,0,0,0,0
Black,Male,Texas,0,19,0,1,0,0,0,0
Black,Male,Alabama,0,19,0,1,0,0,0,0
White,Male,Texas,0,19,3,0,0,0,0,0
White,Male,Texas,0,19,0,1,0,0,0,0
Black,Male,Georgia,0,19,0,2,0,0,0,0
White,Male,Alabama,0,19,4,0,0,0,0,0
White,Male,Tennessee,0,19,1,0,0,0,0,0
White,Male,Florida,0,19,1,0,0,0,0,0
White,Male,Alabama,0,19,1,0,0,0,0,0
Black,Male,Georgia,0,19,0,1,0,0,0,0
White,Male,Tennessee,0,19,2,0,0,0,0,0
White,Male,Texas,0,19,1,0,0,0,0,0
White,Male,Florida,0,19,1,0,0,0,0,0
White,Male,Texas,0,19,2,0,0,0,0,0
Latino/a,Male,Texas,0,19,1,0,0,0,0,0
Black,Male,Texas,0,19,0,3,0,0,0,0
White,Male,Missouri,0,19,1,0,0,0,0,0
White,Male,South Dakota,0,19,1,0,0,0,0,0
White,Male,Texas,0,19,1,0,0,0,0,0
Black,Male,Georgia,0,19,1,0,0,0,0,0
White,Male,Tennessee,0,19,1,0,0,0,0,0
Black,Male,Texas,0,19,1,0,0,0,0,0
White,Male,Texas,0,20,1,0,0,0,0,0
White,Male,Georgia,0,20,2,0,0,0,0,0
Latino/a,Male,Texas,0,20,0,0,2,0,0,0
White,Male,Tennessee,0,20,1,0,0,0,0,0
Black,Male,Alabama,0,20,3,0,0,0,0,0
White,Male,Missouri,0,20,1,0,0,0,0,0
White,Male,Texas,0,20,1,0,0,0,0,0
White,Male,Federal,0,20,3,0,0,0,0,0
White,Male,Federal,0,20,1,0,0,0,0,0
White,Male,Federal,0,20,2,0,0,0,0,0
Native American or Alaskan Native,Male,Federal,0,20,0,0,0,0,2,0
White,Male,Federal,0,20,1,0,0,0,0,0
White,Male,Federal,0,20,1,0,0,0,0,0
Black,Male,Federal,0,20,2,0,0,0,0,0
Black,Male,Federal,0,20,0,1,0,0,0,0
Black,Male,Federal,0,20,2,0,0,0,0,0
Black,Male,Federal,0,20,0,1,0,0,0,0
White,Female,Federal,0,21,1,0,0,0,0,0
Black,Male,Federal,0,21,0,7,0,0,0,0
Black,Male,Federal,0,21,0,3,0,0,0,0
Black,Male,Texas,0,21,0,1,0,0,0,0
White,Male,Texas,0,21,3,0,0,0,0,0
White,Male,Texas,0,21,2,0,0,0,0,0
Black,Male,Missouri,0,21,2,1,0,0,0,0
Black,Male,Alabama,0,21,1,0,0,0,0,0
Black,Male,Oklahoma,0,21,1,0,0,0,0,0
White,Male,Mississippi,0,21,1,0,0,0,0,0
White,Male,Oklahoma,0,21,1,0,0,0,0,0
Black,Male,Alabama,0,22,0,1,0,0,0,0
Black,Male,Oklahoma,0,22,2,0,0,0,0,0
White,Male,Oklahoma,0,22,4,0,0,0,0,0
White,Male,Texas,0,22,1,0,0,0,0,0
White,Male,Missouri,0,22,2,0,0,0,0,0
Native American or Alaskan Native,Male,Arizona,0,22,1,0,0,0,0,0
White,Male,Arizona,0,22,1,0,0,0,0,0
Black,Male,Alabama,0,22,0,1,0,0,0,0
Asian,Male,Texas,0,22,1,0,0,0,0,0
White,Male,Oklahoma,0,22,1,0,0,0,0,0
Latino/a,Male,Texas,0,22,0,0,1,0,0,0
White,Male,Oklahoma ,0,22,0,0,0,0,1,0
White,Male,Texas,0,22,1,0,0,0,0,0
Black,Male,Arizona,0,22,2,0,0,0,0,0
White,Male,Texas,0,22,3,0,0,0,0,0
White,Male,Oklahoma,0,22,1,0,0,0,0,0
Black,Male,Missouri,0,22,1,0,0,0,0,0
White,Male,Mississippi,0,22,1,0,0,0,0,0
White,Female,Missouri,0,23,1,0,0,0,0,0
White,Male,Texas,0,23,1,0,0,0,0,0
White,Male,Oklahoma,0,23,2,0,0,0,0,0
Latino/a,Male,Texas,0,23,1,0,0,0,0,0
Black,Male,Missouri ,0,23,0,4,0,0,0,0
Black,Male,Texas,0,23,3,0,0,0,0,0
White,Male,Florida,0,23,1,0,0,0,0,0
Black,Male,Texas,0,23,0,2,0,0,0,0
Black,Male,Texas,0,23,0,1,3,0,0,0
Black,Male,Florida,0,23,2,0,0,0,0,0
White,Male,Florida,0,23,1,0,0,0,0,0
White,Male,Missouri,0,23,2,0,0,0,0,0
White,Male,Florida,0,2023,1,0,0,0,0,0
Black,Male ,Oklahoma,0,2023,0,1,0,0,0,0
White,Male,Alabama,0,2023,1,0,0,0,0,0
White,Male,Missouri,0,23,1,0,0,0,0,0
White,Male,Florida,0,23,1,0,0,0,0,0
Latino/a,Male,Oklahoma,0,23,1,0,0,0,0,0
White,Male,Florida,0,23,1,0,0,0,0,0
White,Male,Texas,0,23,1,0,0,0,0,0
White,Male,Texas,0,23,1,0,0,0,0,0
White,Male,Alabama,0,23,1,0,0,0,0,0
Native American or Alaskan Native,Male,Texas,0,23,0,0,1,0,0,0
White,Male,Oklahoma,0,23,2,0,0,0,0,0
White,Male,Alabama,0,24,1,0,0,0,0,0
Latino/a,Male,Texas,0,24,1,0,1,0,0,0
Black,Male,Georgia,0,24,0,1,0,0,0,0
Black,Male,Oklahoma,0,24,0,1,0,1,0,0
White,Male,Missouri,0,24,2,0,0,0,0,0
White,Male,Alabama,0,24,2,0,0,0,0,0
White,Male,Missouri,0,24,2,0,0,0,0,0
Latino/a,Male,Texas,0,24,1,0,0,0,0,0
White,Male,Oklahoma,0,24,1,0,0,0,0,0
Black,Male,Alabama,0,24,1,0,0,0,0,0
Black,Male,Texas,0,24,1,0,0,0,0,0
Native American or Alaskan Native,Male,Utah,0,24,0,0,0,0,1,0
White,Male,Florida,0,24,1,0,0,0,0,0
Black,Male,South Carolina,0,24,0,1,0,0,0,0
Black,Male,Missouri,0,24,1,0,0,0,0,0
White,Male,Texas,0,24,1,0,0,0,0,0
Black,Male,Oklahoma,0,24,1,0,0,0,0,0
White,Male,Alabama,0,24,3,0,0,0,0,0
Black,Male,Texas,0,24,0,2,0,0,0,0
White,Male,Alabama,0,24,5,0,0,0,0,0
Black,Male,South Carolina,0,24,1,0,0,0,0,0
